,date,kor_cases,kor_deaths,seoul_cases,seoul_deaths,kor_close,kor_open,kor_volume,kor_ticker,label
0,2020-01-21,1,0,0,0,344500,358000,364883,051910,0.5
1,2020-01-22,1,0,0,0,351500,347500,311524,051910,0.5
2,2020-01-23,1,0,0,0,348500,347500,260932,051910,0.5
3,2020-01-24,2,0,0,0,0,0,0,0,0.0
4,2020-01-25,2,0,0,0,0,0,0,0,0.0
5,2020-01-26,2,0,0,0,0,0,0,0,0.0
6,2020-01-27,4,0,0,0,0,0,0,0,0.5
7,2020-01-28,4,0,0,0,336500,338000,348298,051910,0.5
8,2020-01-29,4,0,0,0,335000,338000,272147,051910,0.5
9,2020-01-30,7,0,0,0,343500,338500,642288,051910,0.0
10,2020-01-31,11,0,0,0,337500,349000,391298,051910,0.5
11,2020-02-01,12,0,0,0,0,0,0,0,0.0
12,2020-02-02,15,0,0,0,0,0,0,0,0.0
13,2020-02-03,15,0,0,0,350000,328500,594448,051910,0.471798561151079
14,2020-02-04,16,0,0,0,379500,364500,995237,051910,0.4906666666666666
15,2020-02-05,21,0,0,0,382000,391000,731711,051910,0.5
16,2020-02-06,24,0,0,0,382000,374500,551088,051910,0.475
17,2020-02-07,24,0,0,0,386500,377000,392312,051910,0.5
18,2020-02-08,24,0,0,0,0,0,0,0,0.0
19,2020-02-09,27,0,0,0,0,0,0,0,0.48
20,2020-02-10,27,0,0,0,387000,382500,291904,051910,0.4926315789473684
21,2020-02-11,28,0,0,0,413500,394500,983089,051910,0.4719999999999999
22,2020-02-12,28,0,0,0,408000,408500,463511,051910,0.5
23,2020-02-13,28,0,0,0,411500,408500,448366,051910,0.5
24,2020-02-14,28,0,0,0,413500,416500,301730,051910,0.5
25,2020-02-15,28,0,0,0,0,0,0,0,0.0
26,2020-02-16,29,0,0,0,0,0,0,0,0.4871830985915493
27,2020-02-17,30,0,14,0,419500,420500,514355,051910,0.4781967213114754
28,2020-02-18,39,0,14,0,418000,418000,366288,051910,0.465
29,2020-02-19,46,0,15,0,404000,420500,766920,051910,0.0
30,2020-02-20,104,1,22,0,419000,408500,482732,051910,0.5
31,2020-02-21,204,1,27,0,407000,407000,400924,051910,0.0
32,2020-02-22,433,3,30,0,0,0,0,0,0.0
33,2020-02-23,608,6,31,0,0,0,0,0,0.465
34,2020-02-24,843,7,35,0,395000,392000,463848,051910,0.0
35,2020-02-25,977,10,41,0,399500,395500,478820,051910,0.4704444444444444
36,2020-02-26,1261,12,49,0,395000,394000,334971,051910,0.5
37,2020-02-27,1766,13,56,0,388000,394000,345104,051910,0.5
38,2020-02-28,2337,13,62,0,368000,376500,643995,051910,0.5
39,2020-02-29,3150,17,77,0,0,0,0,0,0.0
40,2020-03-01,3736,18,87,0,0,0,0,0,0.5
41,2020-03-02,4212,22,91,0,377000,368500,514325,051910,0.43
42,2020-03-03,4812,28,98,0,386500,393000,547921,051910,0.4941666666666666
43,2020-03-04,5328,32,99,0,392000,383500,478790,051910,0.0
44,2020-03-05,5766,35,103,0,406000,407500,645954,051910,0.5
45,2020-03-06,6284,44,105,0,400000,401000,357631,051910,0.5
46,2020-03-07,6767,44,108,0,0,0,0,0,0.0
47,2020-03-08,7134,50,120,0,0,0,0,0,0.0
48,2020-03-09,7382,51,130,0,374000,383000,611394,051910,0.0
49,2020-03-10,7513,54,141,0,373500,371000,660399,051910,0.5
50,2020-03-11,7755,60,193,0,365000,374000,447847,051910,0.43
51,2020-03-12,7869,66,212,0,341500,359000,1041370,051910,0.5
52,2020-03-13,7979,67,225,0,340500,315000,899561,051910,0.0
53,2020-03-14,8086,72,238,0,0,0,0,0,0.0
54,2020-03-15,8162,75,247,0,0,0,0,0,0.0
55,2020-03-16,8236,75,253,0,312500,343000,747892,051910,0.5
56,2020-03-17,8320,81,265,0,306500,295000,819960,051910,0.49
57,2020-03-18,8413,84,270,0,280000,307500,946373,051910,0.43
58,2020-03-19,8565,91,282,0,230000,284500,1394682,051910,0.0
59,2020-03-20,8652,94,299,0,272500,246000,1306067,051910,0.491551724137931
60,2020-03-21,8799,102,314,0,0,0,0,0,0.0
61,2020-03-22,8897,104,324,0,0,0,0,0,0.4737500000000001
62,2020-03-23,8961,111,330,0,268000,249500,947838,051910,0.5
63,2020-03-24,9037,120,334,0,288000,283500,966345,051910,0.47
64,2020-03-25,9137,126,347,0,307500,310000,803831,051910,0.4933333333333333
65,2020-03-26,9241,131,360,0,299500,309500,720792,051910,0.5
66,2020-03-27,9332,139,372,0,303500,313000,648602,051910,0.5
67,2020-03-28,9478,144,390,0,0,0,0,0,0.0
68,2020-03-29,9583,152,410,0,0,0,0,0,0.45799999999999996
69,2020-03-30,9661,158,426,0,303000,291000,473701,051910,0.5
70,2020-03-31,9786,162,450,0,305000,306500,492967,051910,0.0
71,2020-04-01,9887,165,474,0,292000,305000,599459,051910,0.4299999999999998
72,2020-04-02,9976,169,488,0,291000,292000,688886,051910,0.5
73,2020-04-03,10062,174,506,0,290500,300000,540101,051910,0.5
74,2020-04-04,10156,177,528,0,0,0,0,0,0.0
75,2020-04-05,10237,183,552,0,0,0,0,0,0.0
76,2020-04-06,10284,186,563,0,296500,295000,494846,051910,0.464313725490196
77,2020-04-07,10331,192,567,0,309000,307000,717617,051910,0.0
78,2020-04-08,10384,200,578,2,313000,308500,616801,051910,0.5
79,2020-04-09,10423,204,590,2,324500,319000,470177,051910,0.0
80,2020-04-10,10450,208,595,2,324000,324500,313697,051910,0.0
81,2020-04-11,10480,211,599,2,0,0,0,0,0.0
82,2020-04-12,10512,214,602,2,0,0,0,0,0.43
83,2020-04-13,10537,217,610,2,315000,325500,298575,051910,0.0
84,2020-04-14,10564,222,612,2,326500,327500,436161,051910,0.5
85,2020-04-15,10591,225,617,2,0,0,0,0,0.0
86,2020-04-16,10613,229,619,2,343000,327500,621763,051910,0.465
87,2020-04-17,10635,230,621,2,362500,352500,753764,051910,0.4745454545454546
88,2020-04-18,10653,232,622,2,0,0,0,0,0.5
89,2020-04-19,10661,234,624,2,0,0,0,0,0.0
90,2020-04-20,10674,236,624,2,351500,362500,504864,051910,0.5
91,2020-04-21,10683,237,626,2,354000,348000,710608,051910,0.0
92,2020-04-22,10694,238,628,2,355000,346500,362008,051910,0.0
93,2020-04-23,10702,240,628,2,361000,360000,343123,051910,0.5
94,2020-04-24,10708,240,628,2,353500,358000,270535,051910,0.0
95,2020-04-25,10718,240,629,2,0,0,0,0,0.0
96,2020-04-26,10728,242,629,2,0,0,0,0,0.0
97,2020-04-27,10738,243,629,2,353500,353500,445576,051910,0.5
98,2020-04-28,10752,244,633,2,362500,365000,582497,051910,0.4789999999999999
99,2020-04-29,10761,246,633,2,376500,368000,566265,051910,0.4883333333333333
100,2020-04-30,10765,247,633,2,0,0,0,0,0.5
101,2020-05-01,10774,248,634,2,0,0,0,0,0.0
102,2020-05-02,10780,250,635,2,0,0,0,0,0.5
103,2020-05-03,10793,250,637,2,0,0,0,0,0.5
104,2020-05-04,10801,252,637,2,360000,361000,669179,051910,0.0
105,2020-05-05,10804,254,637,2,0,0,0,0,0.43
106,2020-05-06,10806,255,637,2,361000,366500,344167,051910,0.5
107,2020-05-07,10810,256,637,2,354000,358000,431374,051910,0.4741176470588234
108,2020-05-08,10822,256,637,2,352500,349000,678484,051910,0.4816666666666666
109,2020-05-09,10840,256,649,2,0,0,0,0,0.4762
110,2020-05-10,10874,256,663,2,0,0,0,0,0.4838461538461538
111,2020-05-11,10909,256,683,2,346500,351500,629395,051910,0.0
112,2020-05-12,10936,258,695,2,338000,346000,554982,051910,0.5
113,2020-05-13,10962,259,707,3,352000,330000,861294,051910,0.4876470588235294
114,2020-05-14,10991,260,711,4,344500,348000,399418,051910,0.4687234042553191
115,2020-05-15,11018,260,725,4,346500,348500,364374,051910,0.5
116,2020-05-16,11037,262,730,4,0,0,0,0,0.0
117,2020-05-17,11050,262,735,4,0,0,0,0,0.43
118,2020-05-18,11065,263,736,4,354000,349500,408948,051910,0.5
119,2020-05-19,11078,263,742,4,357000,363500,395494,051910,0.5
120,2020-05-20,11110,263,752,4,362500,352500,358098,051910,0.5
121,2020-05-21,11122,264,756,4,377500,367000,1033430,051910,0.5
122,2020-05-22,11142,264,758,4,377000,382000,504011,051910,0.5
123,2020-05-23,11165,266,762,4,0,0,0,0,0.5
124,2020-05-24,11190,266,768,4,0,0,0,0,0.5
125,2020-05-25,11206,267,774,4,389500,380000,505854,051910,0.0
126,2020-05-26,11225,269,783,4,414000,398500,958956,051910,0.4984782608695652
127,2020-05-27,11265,269,802,4,395500,406000,622426,051910,0.5
128,2020-05-28,11344,269,826,4,388500,403000,842769,051910,0.5
129,2020-05-29,11402,269,846,4,390500,381500,526505,051910,0.5
130,2020-05-30,11441,269,855,4,0,0,0,0,0.0
131,2020-05-31,11468,270,861,4,0,0,0,0,0.0
132,2020-06-01,11503,271,862,4,396000,391000,401656,051910,0.5
133,2020-06-02,11541,272,876,4,395000,400000,390982,051910,0.5
134,2020-06-03,11590,273,895,4,400500,399000,474692,051910,0.5
135,2020-06-04,11629,273,909,4,417500,400500,966577,051910,0.5
136,2020-06-05,11668,273,924,4,434000,421500,865564,051910,0.4742105263157895
137,2020-06-06,11719,273,947,4,0,0,0,0,0.0
138,2020-06-07,11776,273,974,4,0,0,0,0,0.5
139,2020-06-08,11814,273,996,4,434000,440000,684281,051910,0.4904545454545454
140,2020-06-09,11852,274,1015,4,432500,439000,609988,051910,0.5
141,2020-06-10,11902,276,1027,4,440000,432500,535589,051910,0.4968181818181818
142,2020-06-11,11947,276,1048,4,463000,447000,1250374,051910,0.4906666666666666
143,2020-06-12,12003,277,1073,4,462000,436500,1007453,051910,0.4883333333333333
144,2020-06-13,12051,277,1101,4,0,0,0,0,0.5
145,2020-06-14,12084,277,1113,4,0,0,0,0,0.0
146,2020-06-15,12121,277,1120,4,428000,455000,851192,051910,0.4784615384615385
147,2020-06-16,12155,278,1132,4,487500,445000,1156149,051910,0.4838461538461538
148,2020-06-17,12198,279,1145,5,491500,484000,1390544,051910,0.4766666666666666
149,2020-06-18,12257,280,1170,6,491000,491500,509457,051910,0.4944
150,2020-06-19,12306,280,1188,6,512000,499500,738862,051910,0.4825
151,2020-06-20,12373,280,1202,6,0,0,0,0,0.5
152,2020-06-21,12421,280,1219,6,0,0,0,0,0.4824999999999999
153,2020-06-22,12438,280,1224,6,506000,510000,509229,051910,0.5
154,2020-06-23,12484,281,1230,6,504000,512000,516968,051910,0.4919230769230769
155,2020-06-24,12535,281,1241,6,516000,514000,391402,051910,0.4766666666666666
156,2020-06-25,12563,282,1250,7,499000,506000,551096,051910,0.5
157,2020-06-26,12602,282,1267,7,501000,508000,473636,051910,0.4825
158,2020-06-27,12653,282,1284,7,0,0,0,0,0.43
159,2020-06-28,12715,282,1298,7,0,0,0,0,0.5
160,2020-06-29,12757,282,1305,7,489500,492000,454763,051910,0.5
161,2020-06-30,12799,282,1312,7,490500,501000,443059,051910,0.5
162,2020-07-01,12850,282,1321,7,491500,499000,357203,051910,0.5
163,2020-07-02,12904,282,1334,7,496000,495000,362498,051910,0.4300000000000001
164,2020-07-03,12967,282,1346,7,507000,509000,443404,051910,0.465
165,2020-07-04,13030,283,1353,8,0,0,0,0,0.0
166,2020-07-05,13091,283,1369,8,0,0,0,0,0.0
167,2020-07-06,13137,284,1372,8,509000,507000,317805,051910,0.4559259259259259
168,2020-07-07,13181,285,1375,8,516000,525000,630054,051910,0.0
169,2020-07-08,13244,285,1385,8,513000,518000,358194,051910,0.0
170,2020-07-09,13293,287,1393,9,539000,515000,819218,051910,0.0
171,2020-07-10,13338,288,1401,9,529000,544000,470969,051910,0.0
172,2020-07-11,13373,288,1409,9,0,0,0,0,0.0
173,2020-07-12,13417,289,1416,9,0,0,0,0,0.0
174,2020-07-13,13479,289,1429,9,547000,540000,368579,051910,0.0
175,2020-07-14,13512,289,1436,9,534000,535000,441154,051910,0.0
176,2020-07-15,13551,289,1442,9,544000,539000,341645,051910,0.0
177,2020-07-16,13612,291,1449,9,523000,547000,504937,051910,0.0
178,2020-07-17,13672,293,1458,9,516000,516000,540426,051910,0.0
179,2020-07-18,13711,294,1464,9,0,0,0,0,0.0
180,2020-07-19,13745,295,1474,10,0,0,0,0,0.0
181,2020-07-20,13771,296,1477,10,511000,518000,318383,051910,0.0
182,2020-07-21,13816,296,1498,10,531000,525000,489307,051910,0.0
183,2020-07-22,13879,297,1514,11,527000,524000,332150,051910,0.0
184,2020-07-23,13938,297,1526,11,532000,535000,270382,051910,0.0
185,2020-07-24,13979,298,1547,11,516000,521000,406633,051910,0.0
186,2020-07-25,14092,298,1558,11,0,0,0,0,0.0
187,2020-07-26,14150,298,1565,11,0,0,0,0,0.0
188,2020-07-27,14175,299,1574,11,517000,509000,257568,051910,0.0
189,2020-07-28,14203,300,1580,11,528000,526000,372041,051910,0.0
190,2020-07-29,14251,300,1589,11,527000,527000,315710,051910,0.0
191,2020-07-30,14269,300,1592,11,530000,530000,244581,051910,0.0
192,2020-07-31,14305,301,1600,11,568000,541000,1376453,051910,0.0
193,2020-08-01,14336,301,1602,11,0,0,0,0,0.0
194,2020-08-02,14366,301,1607,11,0,0,0,0,0.0
195,2020-08-03,14389,301,1612,11,635000,578000,1715295,051910,0.0
196,2020-08-04,14423,301,1621,11,642000,652000,894736,051910,0.0
197,2020-08-05,14456,302,1627,12,670000,640000,917661,051910,0.0
198,2020-08-06,14499,302,1636,12,680000,672000,634951,051910,0.0
199,2020-08-07,14519,303,1645,13,746000,680000,1399982,051910,0.0
200,2020-08-08,14562,304,1662,13,0,0,0,0,0.0
201,2020-08-09,14598,305,1675,13,0,0,0,0,0.0
202,2020-08-10,14626,305,1688,13,720000,747000,1035305,051910,0.0
203,2020-08-11,14660,305,1694,13,758000,715000,1087515,051910,0.0
204,2020-08-12,14714,305,1709,13,741000,746000,673527,051910,0.0
205,2020-08-13,14770,305,1735,13,737000,758000,970866,051910,0.0
206,2020-08-14,14873,305,1767,13,700000,716000,1160403,051910,0.0
207,2020-08-15,15039,305,1841,13,0,0,0,0,0.0
208,2020-08-16,15318,305,1987,13,0,0,0,0,0.0
209,2020-08-17,15515,305,2077,13,0,0,0,0,0.0
210,2020-08-18,15761,306,2209,14,690000,689000,1051815,051910,0.0
211,2020-08-19,16058,306,2360,14,683000,708000,746732,051910,0.0
212,2020-08-20,16346,307,2495,15,667000,681000,841507,051910,0.0
213,2020-08-21,16670,309,2621,16,699000,676000,1078744,051910,0.0
214,2020-08-22,17002,309,2749,16,0,0,0,0,0.0
215,2020-08-23,17399,309,2889,16,0,0,0,0,0.0
216,2020-08-24,17665,309,2986,16,702000,695000,574924,051910,0.0
217,2020-08-25,17945,310,3120,16,713000,712000,450237,051910,0.0
218,2020-08-26,18265,312,3232,17,757000,718000,1094918,051910,0.0
219,2020-08-27,18706,313,3386,17,762000,774000,1060767,051910,0.0
220,2020-08-28,19077,316,3532,19,759000,767000,496857,051910,0.0
221,2020-08-29,19400,321,3657,20,0,0,0,0,0.0
222,2020-08-30,19699,323,3773,22,0,0,0,0,0.0
223,2020-08-31,19947,324,3867,23,740000,763000,835300,051910,0.0
224,2020-09-01,20182,324,3961,23,743000,741000,645681,051910,0.0
225,2020-09-02,20449,326,4062,24,742000,743000,462821,051910,0.0
226,2020-09-03,20644,329,4131,24,768000,756000,690256,051910,0.0
227,2020-09-04,20842,331,4201,24,743000,734000,773517,051910,0.0
228,2020-09-05,21010,333,4251,25,0,0,0,0,0.0
229,2020-09-06,21177,334,4314,26,0,0,0,0,0.0
230,2020-09-07,21296,336,4362,28,720000,743000,635302,051910,0.0
231,2020-09-08,21432,341,4429,32,709000,720000,811834,051910,0.0
232,2020-09-09,21588,344,4478,32,699000,682000,575376,051910,0.0
233,2020-09-10,21743,346,4526,32,713000,716000,541097,051910,0.0
234,2020-09-11,21919,350,4589,34,705000,707000,361882,051910,0.0
235,2020-09-12,22055,355,4639,35,0,0,0,0,0.0
236,2020-09-13,22176,358,4670,38,0,0,0,0,0.0
237,2020-09-14,22285,363,4711,40,712000,707000,327850,051910,0.0
238,2020-09-15,22391,367,4743,42,726000,722000,435166,051910,0.0
239,2020-09-16,22504,367,4794,42,687000,730000,958233,051910,0.0
240,2020-09-17,22657,372,4857,43,645000,671000,3408145,051910,0.0
241,2020-09-18,22783,377,4904,46,666000,653000,1775061,051910,0.0
242,2020-09-19,22893,378,4944,46,0,0,0,0,0.0
243,2020-09-20,22975,383,4972,47,0,0,0,0,0.0
244,2020-09-21,23045,385,4995,48,627000,656000,1239438,051910,0.0
245,2020-09-22,23106,388,5016,49,639000,646000,1209481,051910,0.0
246,2020-09-23,23216,388,5056,49,630000,660000,1271568,051910,0.0
247,2020-09-24,23341,393,5095,50,611000,619000,872924,051910,0.0
248,2020-09-25,23455,395,5152,52,627000,621000,493489,051910,0.0
249,2020-09-26,23516,399,5178,53,0,0,0,0,0.0
250,2020-09-27,23611,401,5212,53,0,0,0,0,0.0
251,2020-09-28,23661,406,5231,54,626000,636000,367111,051910,0.0
252,2020-09-29,23699,407,5242,54,654000,659000,677451,051910,0.0
253,2020-09-30,23812,413,5293,56,0,0,0,0,0.0
254,2020-10-01,23889,415,5323,57,0,0,0,0,0.0
255,2020-10-02,23952,416,5334,57,0,0,0,0,0.0
256,2020-10-03,24027,420,5360,59,0,0,0,0,0.0
257,2020-10-04,24091,421,5376,60,0,0,0,0,0.0
258,2020-10-05,24164,422,5395,61,659000,670000,443499,051910,0.0
259,2020-10-06,24239,422,5410,61,674000,659000,451956,051910,0.0
260,2020-10-07,24353,425,5443,61,680000,673000,294545,051910,0.0
261,2020-10-08,24422,427,5463,62,692000,684000,564700,051910,0.0
262,2020-10-09,24476,428,5485,62,0,0,0,0,0.0
263,2020-10-10,24548,430,5510,63,0,0,0,0,0.0
264,2020-10-11,24606,432,5533,64,0,0,0,0,0.0
265,2020-10-12,24703,433,5564,64,672000,680000,551057,051910,0.0
266,2020-10-13,24794,434,5584,65,644000,675000,678451,051910,0.0
267,2020-10-14,24878,438,5607,66,628000,642000,725349,051910,0.0
268,2020-10-15,24988,439,5632,66,637000,636000,531454,051910,0.0
269,2020-01-21,1,0,0,0,148000,148500,89682,011070,0.0
270,2020-01-22,1,0,0,0,148000,148000,110366,011070,0.5
271,2020-01-23,1,0,0,0,152500,147000,173243,011070,0.0
272,2020-01-24,2,0,0,0,0,0,0,0,0.0
273,2020-01-25,2,0,0,0,0,0,0,0,0.0
274,2020-01-26,2,0,0,0,0,0,0,0,0.0
275,2020-01-27,4,0,0,0,0,0,0,0,0.0
276,2020-01-28,4,0,0,0,151500,147000,234923,011070,0.4844444444444445
277,2020-01-29,4,0,0,0,158000,154500,388880,011070,0.4814285714285714
278,2020-01-30,7,0,0,0,155500,160000,360798,011070,0.5
279,2020-01-31,11,0,0,0,152000,156500,245518,011070,0.5
280,2020-02-01,12,0,0,0,0,0,0,0,0.5
281,2020-02-02,15,0,0,0,0,0,0,0,0.43
282,2020-02-03,15,0,0,0,150500,149000,353483,011070,0.0
283,2020-02-04,16,0,0,0,155000,148000,350711,011070,0.0
284,2020-02-05,21,0,0,0,152000,156000,311516,011070,0.0
285,2020-02-06,24,0,0,0,156000,154000,218885,011070,0.0
286,2020-02-07,24,0,0,0,150500,153500,218071,011070,0.0
287,2020-02-08,24,0,0,0,0,0,0,0,0.0
288,2020-02-09,27,0,0,0,0,0,0,0,0.0
289,2020-02-10,27,0,0,0,147000,148500,259021,011070,0.0
290,2020-02-11,28,0,0,0,151000,149500,216429,011070,0.0
291,2020-02-12,28,0,0,0,151000,151000,142227,011070,0.5
292,2020-02-13,28,0,0,0,154000,153500,331103,011070,0.48
293,2020-02-14,28,0,0,0,155000,156000,187280,011070,0.0
294,2020-02-15,28,0,0,0,0,0,0,0,0.0
295,2020-02-16,29,0,0,0,0,0,0,0,0.5
296,2020-02-17,30,0,14,0,155500,155000,151171,011070,0.0
297,2020-02-18,39,0,14,0,148500,154000,365652,011070,0.5
298,2020-02-19,46,0,15,0,149500,149000,220579,011070,0.0
299,2020-02-20,104,1,22,0,147000,151000,212373,011070,0.0
300,2020-02-21,204,1,27,0,149000,144000,143556,011070,0.0
301,2020-02-22,433,3,30,0,0,0,0,0,0.0
302,2020-02-23,608,6,31,0,0,0,0,0,0.0
303,2020-02-24,843,7,35,0,144000,145000,164505,011070,0.0
304,2020-02-25,977,10,41,0,146500,143000,220457,011070,0.0
305,2020-02-26,1261,12,49,0,145000,142500,168676,011070,0.0
306,2020-02-27,1766,13,56,0,143500,143500,157807,011070,0.5
307,2020-02-28,2337,13,62,0,130000,139500,551339,011070,0.0
308,2020-02-29,3150,17,77,0,0,0,0,0,0.0
309,2020-03-01,3736,18,87,0,0,0,0,0,0.4906666666666666
310,2020-03-02,4212,22,91,0,137500,130500,358597,011070,0.5
311,2020-03-03,4812,28,98,0,136000,143500,321236,011070,0.5
312,2020-03-04,5328,32,99,0,136000,132500,204531,011070,0.5
313,2020-03-05,5766,35,103,0,140000,140000,313252,011070,0.5
314,2020-03-06,6284,44,105,0,136000,138000,154251,011070,0.5
315,2020-03-07,6767,44,108,0,0,0,0,0,0.0
316,2020-03-08,7134,50,120,0,0,0,0,0,0.43
317,2020-03-09,7382,51,130,0,126000,132000,368951,011070,0.0
318,2020-03-10,7513,54,141,0,127500,123500,489480,011070,0.0
319,2020-03-11,7755,60,193,0,120500,127000,314863,011070,0.43
320,2020-03-12,7869,66,212,0,113000,117000,468120,011070,0.0
321,2020-03-13,7979,67,225,0,105500,105000,783139,011070,0.5
322,2020-03-14,8086,72,238,0,0,0,0,0,0.0
323,2020-03-15,8162,75,247,0,0,0,0,0,0.0
324,2020-03-16,8236,75,253,0,96500,106500,546732,011070,0.0
325,2020-03-17,8320,81,265,0,93700,92000,469854,011070,0.0
326,2020-03-18,8413,84,270,0,83200,94700,579437,011070,0.0
327,2020-03-19,8565,91,282,0,76300,86100,485245,011070,0.5
328,2020-03-20,8652,94,299,0,99100,80600,847968,011070,0.4844444444444444
329,2020-03-21,8799,102,314,0,0,0,0,0,0.0
330,2020-03-22,8897,104,324,0,0,0,0,0,0.0
331,2020-03-23,8961,111,330,0,91300,92500,656846,011070,0.0
332,2020-03-24,9037,120,334,0,107500,95800,1404434,011070,0.43
333,2020-03-25,9137,126,347,0,113500,115000,1082656,011070,0.43
334,2020-03-26,9241,131,360,0,107500,113500,614784,011070,0.0
335,2020-03-27,9332,139,372,0,108500,114000,656381,011070,0.5
336,2020-03-28,9478,144,390,0,0,0,0,0,0.0
337,2020-03-29,9583,152,410,0,0,0,0,0,0.0
338,2020-03-30,9661,158,426,0,114000,104500,433381,011070,0.5
339,2020-03-31,9786,162,450,0,114000,117500,403951,011070,0.0
340,2020-04-01,9887,165,474,0,108500,114000,421645,011070,0.0
341,2020-04-02,9976,169,488,0,113000,111000,371857,011070,0.0
342,2020-04-03,10062,174,506,0,110000,115000,270855,011070,0.5
343,2020-04-04,10156,177,528,0,0,0,0,0,0.0
344,2020-04-05,10237,183,552,0,0,0,0,0,0.4757692307692307
345,2020-04-06,10284,186,563,0,122000,112000,575285,011070,0.0
346,2020-04-07,10331,192,567,0,128500,126000,573155,011070,0.5
347,2020-04-08,10384,200,578,2,126500,129000,330346,011070,0.0
348,2020-04-09,10423,204,590,2,125000,129000,343195,011070,0.0
349,2020-04-10,10450,208,595,2,124000,124000,335378,011070,0.0
350,2020-04-11,10480,211,599,2,0,0,0,0,0.0
351,2020-04-12,10512,214,602,2,0,0,0,0,0.0
352,2020-04-13,10537,217,610,2,117500,123000,276368,011070,0.0
353,2020-04-14,10564,222,612,2,123000,120500,253263,011070,0.5
354,2020-04-15,10591,225,617,2,0,0,0,0,0.5
355,2020-04-16,10613,229,619,2,126000,121000,248233,011070,0.5
356,2020-04-17,10635,230,621,2,132500,129000,526932,011070,0.5
357,2020-04-18,10653,232,622,2,0,0,0,0,0.0
358,2020-04-19,10661,234,624,2,0,0,0,0,0.0
359,2020-04-20,10674,236,624,2,130000,129500,275074,011070,0.5
360,2020-04-21,10683,237,626,2,128000,130000,255235,011070,0.5
361,2020-04-22,10694,238,628,2,129500,126500,252396,011070,0.0
362,2020-04-23,10702,240,628,2,128500,130000,192230,011070,0.0
363,2020-04-24,10708,240,628,2,126000,128500,151619,011070,0.0
364,2020-04-25,10718,240,629,2,0,0,0,0,0.0
365,2020-04-26,10728,242,629,2,0,0,0,0,0.0
366,2020-04-27,10738,243,629,2,136000,127500,462280,011070,0.5
367,2020-04-28,10752,244,633,2,136500,136500,309713,011070,0.4897916666666666
368,2020-04-29,10761,246,633,2,132000,136500,382840,011070,0.5
369,2020-04-30,10765,247,633,2,0,0,0,0,0.0
370,2020-05-01,10774,248,634,2,0,0,0,0,0.0
371,2020-05-02,10780,250,635,2,0,0,0,0,0.5
372,2020-05-03,10793,250,637,2,0,0,0,0,0.0
373,2020-05-04,10801,252,637,2,131500,128000,211701,011070,0.0
374,2020-05-05,10804,254,637,2,0,0,0,0,0.0
375,2020-05-06,10806,255,637,2,131500,133000,226286,011070,0.5
376,2020-05-07,10810,256,637,2,132500,130500,174195,011070,0.0
377,2020-05-08,10822,256,637,2,137500,134500,463718,011070,0.5
378,2020-05-09,10840,256,649,2,0,0,0,0,0.0
379,2020-05-10,10874,256,663,2,0,0,0,0,0.0
380,2020-05-11,10909,256,683,2,136000,139000,201947,011070,0.4824999999999999
381,2020-05-12,10936,258,695,2,142000,136500,379410,011070,0.5
382,2020-05-13,10962,259,707,3,146000,139500,246446,011070,0.0
383,2020-05-14,10991,260,711,4,143000,145000,369874,011070,0.0
384,2020-05-15,11018,260,725,4,146000,145500,175754,011070,0.0
385,2020-05-16,11037,262,730,4,0,0,0,0,0.0
386,2020-05-17,11050,262,735,4,0,0,0,0,0.0
387,2020-05-18,11065,263,736,4,138500,145000,444203,011070,0.0
388,2020-05-19,11078,263,742,4,139500,142000,227252,011070,0.0
389,2020-05-20,11110,263,752,4,142000,139500,215537,011070,0.0
390,2020-05-21,11122,264,756,4,141000,143500,191571,011070,0.0
391,2020-05-22,11142,264,758,4,137500,141000,187242,011070,0.0
392,2020-05-23,11165,266,762,4,0,0,0,0,0.0
393,2020-05-24,11190,266,768,4,0,0,0,0,0.0
394,2020-05-25,11206,267,774,4,137500,138500,122512,011070,0.0
395,2020-05-26,11225,269,783,4,142000,138000,232040,011070,0.5
396,2020-05-27,11265,269,802,4,140500,141500,199150,011070,0.0
397,2020-05-28,11344,269,826,4,144000,141000,465668,011070,0.47200000000000003
398,2020-05-29,11402,269,846,4,147500,145000,342629,011070,0.0
399,2020-05-30,11441,269,855,4,0,0,0,0,0.0
400,2020-05-31,11468,270,861,4,0,0,0,0,0.5
401,2020-06-01,11503,271,862,4,153000,147500,319112,011070,0.0
402,2020-06-02,11541,272,876,4,154000,152000,279540,011070,0.5
403,2020-06-03,11590,273,895,4,152000,157000,208400,011070,0.0
404,2020-06-04,11629,273,909,4,153000,153500,186188,011070,0.0
405,2020-06-05,11668,273,924,4,153500,153000,173240,011070,0.5
406,2020-06-06,11719,273,947,4,0,0,0,0,0.0
407,2020-06-07,11776,273,974,4,0,0,0,0,0.0
408,2020-06-08,11814,273,996,4,159500,156000,233099,011070,0.0
409,2020-06-09,11852,274,1015,4,157500,160500,145510,011070,0.0
410,2020-06-10,11902,276,1027,4,164500,159500,339108,011070,0.5
411,2020-06-11,11947,276,1048,4,167000,165500,460347,011070,0.5
412,2020-06-12,12003,277,1073,4,173000,159500,335866,011070,0.5
413,2020-06-13,12051,277,1101,4,0,0,0,0,0.0
414,2020-06-14,12084,277,1113,4,0,0,0,0,0.0
415,2020-06-15,12121,277,1120,4,160000,171000,272176,011070,0.0
416,2020-06-16,12155,278,1132,4,169500,166000,217329,011070,0.5
417,2020-06-17,12198,279,1145,5,169500,172500,245439,011070,0.5
418,2020-06-18,12257,280,1170,6,167000,167500,102190,011070,0.0
419,2020-06-19,12306,280,1188,6,166500,169000,172178,011070,0.0
420,2020-06-20,12373,280,1202,6,0,0,0,0,0.0
421,2020-06-21,12421,280,1219,6,0,0,0,0,0.0
422,2020-06-22,12438,280,1224,6,161000,163500,192150,011070,0.0
423,2020-06-23,12484,281,1230,6,164000,164500,281113,011070,0.4766666666666666
424,2020-06-24,12535,281,1241,6,168000,166000,214867,011070,0.0
425,2020-06-25,12563,282,1250,7,162500,165000,152419,011070,0.0
426,2020-06-26,12602,282,1267,7,171500,165500,296752,011070,0.43
427,2020-06-27,12653,282,1284,7,0,0,0,0,0.0
428,2020-06-28,12715,282,1298,7,0,0,0,0,0.0
429,2020-06-29,12757,282,1305,7,171500,168500,195007,011070,0.43
430,2020-06-30,12799,282,1312,7,174500,174500,333467,011070,0.465
431,2020-07-01,12850,282,1321,7,175000,176500,143766,011070,0.0
432,2020-07-02,12904,282,1334,7,173000,176500,100555,011070,0.0
433,2020-07-03,12967,282,1346,7,176000,172500,109482,011070,0.0
434,2020-07-04,13030,283,1353,8,0,0,0,0,0.0
435,2020-07-05,13091,283,1369,8,0,0,0,0,0.0
436,2020-07-06,13137,284,1372,8,178500,177000,137135,011070,0.43
437,2020-07-07,13181,285,1375,8,175500,180000,131564,011070,0.43
438,2020-07-08,13244,285,1385,8,173500,175500,185304,011070,0.0
439,2020-07-09,13293,287,1393,9,179500,174500,171069,011070,0.0
440,2020-07-10,13338,288,1401,9,177000,180500,126707,011070,0.43
441,2020-07-11,13373,288,1409,9,0,0,0,0,0.0
442,2020-07-12,13417,289,1416,9,0,0,0,0,0.0
443,2020-07-13,13479,289,1429,9,173500,179500,214564,011070,0.5
444,2020-07-14,13512,289,1436,9,174000,173000,131599,011070,0.0
445,2020-07-15,13551,289,1442,9,169000,174500,219888,011070,0.0
446,2020-07-16,13612,291,1449,9,163500,168500,246792,011070,0.0
447,2020-07-17,13672,293,1458,9,165000,164000,126754,011070,0.0
448,2020-07-18,13711,294,1464,9,0,0,0,0,0.0
449,2020-07-19,13745,295,1474,10,0,0,0,0,0.0
450,2020-07-20,13771,296,1477,10,161000,167000,234878,011070,0.4726086956521739
451,2020-07-21,13816,296,1498,10,171000,162500,440261,011070,0.5
452,2020-07-22,13879,297,1514,11,164500,171500,326333,011070,0.4789999999999999
453,2020-07-23,13938,297,1526,11,160500,167000,510467,011070,0.465
454,2020-07-24,13979,298,1547,11,156000,158500,287131,011070,0.0
455,2020-07-25,14092,298,1558,11,0,0,0,0,0.0
456,2020-07-26,14150,298,1565,11,0,0,0,0,0.0
457,2020-07-27,14175,299,1574,11,157000,156000,182513,011070,0.0
458,2020-07-28,14203,300,1580,11,163000,159500,292320,011070,0.0
459,2020-07-29,14251,300,1589,11,162000,162500,149108,011070,0.0
460,2020-07-30,14269,300,1592,11,162000,164000,114044,011070,0.0
461,2020-07-31,14305,301,1600,11,161000,165500,165939,011070,0.0
462,2020-08-01,14336,301,1602,11,0,0,0,0,0.0
463,2020-08-02,14366,301,1607,11,0,0,0,0,0.0
464,2020-08-03,14389,301,1612,11,165000,161000,210011,011070,0.0
465,2020-08-04,14423,301,1621,11,167000,167000,192571,011070,0.0
466,2020-08-05,14456,302,1627,12,163000,167500,253805,011070,0.0
467,2020-08-06,14499,302,1636,12,163000,163500,182359,011070,0.0
468,2020-08-07,14519,303,1645,13,165000,164500,264314,011070,0.0
469,2020-08-08,14562,304,1662,13,0,0,0,0,0.0
470,2020-08-09,14598,305,1675,13,0,0,0,0,0.0
471,2020-08-10,14626,305,1688,13,160500,165000,321918,011070,0.0
472,2020-08-11,14660,305,1694,13,160000,161000,195262,011070,0.0
473,2020-08-12,14714,305,1709,13,161500,159000,192240,011070,0.0
474,2020-08-13,14770,305,1735,13,166000,163000,438222,011070,0.0
475,2020-08-14,14873,305,1767,13,163500,166500,169898,011070,0.0
476,2020-08-15,15039,305,1841,13,0,0,0,0,0.0
477,2020-08-16,15318,305,1987,13,0,0,0,0,0.0
478,2020-08-17,15515,305,2077,13,0,0,0,0,0.0
479,2020-08-18,15761,306,2209,14,154500,162500,418830,011070,0.0
480,2020-08-19,16058,306,2360,14,154500,154500,153435,011070,0.0
481,2020-08-20,16346,307,2495,15,145000,153000,325065,011070,0.0
482,2020-08-21,16670,309,2621,16,146500,148000,171356,011070,0.0
483,2020-08-22,17002,309,2749,16,0,0,0,0,0.0
484,2020-08-23,17399,309,2889,16,0,0,0,0,0.0
485,2020-08-24,17665,309,2986,16,155000,148000,228720,011070,0.0
486,2020-08-25,17945,310,3120,16,152000,156500,267834,011070,0.0
487,2020-08-26,18265,312,3232,17,149500,151000,177660,011070,0.0
488,2020-08-27,18706,313,3386,17,146500,149500,114677,011070,0.0
489,2020-08-28,19077,316,3532,19,147000,147000,101248,011070,0.0
490,2020-08-29,19400,321,3657,20,0,0,0,0,0.0
491,2020-08-30,19699,323,3773,22,0,0,0,0,0.0
492,2020-08-31,19947,324,3867,23,145000,147500,128873,011070,0.0
493,2020-09-01,20182,324,3961,23,153500,145500,322368,011070,0.0
494,2020-09-02,20449,326,4062,24,169000,158500,818324,011070,0.0
495,2020-09-03,20644,329,4131,24,163000,168500,269915,011070,0.0
496,2020-09-04,20842,331,4201,24,158000,155500,270454,011070,0.0
497,2020-09-05,21010,333,4251,25,0,0,0,0,0.0
498,2020-09-06,21177,334,4314,26,0,0,0,0,0.0
499,2020-09-07,21296,336,4362,28,158500,160000,116202,011070,0.0
500,2020-09-08,21432,341,4429,32,162000,160000,194051,011070,0.0
501,2020-09-09,21588,344,4478,32,166000,161000,333883,011070,0.0
502,2020-09-10,21743,346,4526,32,169500,169000,481188,011070,0.0
503,2020-09-11,21919,350,4589,34,169500,168500,173693,011070,0.0
504,2020-09-12,22055,355,4639,35,0,0,0,0,0.0
505,2020-09-13,22176,358,4670,38,0,0,0,0,0.0
506,2020-09-14,22285,363,4711,40,170000,171500,111647,011070,0.0
507,2020-09-15,22391,367,4743,42,169500,171000,174968,011070,0.0
508,2020-09-16,22504,367,4794,42,168500,171000,127730,011070,0.0
509,2020-09-17,22657,372,4857,43,162000,167500,210746,011070,0.0
510,2020-09-18,22783,377,4904,46,161500,161500,287773,011070,0.0
511,2020-09-19,22893,378,4944,46,0,0,0,0,0.0
512,2020-09-20,22975,383,4972,47,0,0,0,0,0.0
513,2020-09-21,23045,385,4995,48,157500,160000,166897,011070,0.0
514,2020-09-22,23106,388,5016,49,155000,159000,157282,011070,0.0
515,2020-09-23,23216,388,5056,49,154500,156500,155945,011070,0.0
516,2020-09-24,23341,393,5095,50,147500,152000,175012,011070,0.0
517,2020-09-25,23455,395,5152,52,151500,149000,121813,011070,0.0
518,2020-09-26,23516,399,5178,53,0,0,0,0,0.0
519,2020-09-27,23611,401,5212,53,0,0,0,0,0.0
520,2020-09-28,23661,406,5231,54,155500,154000,106135,011070,0.0
521,2020-09-29,23699,407,5242,54,155000,158000,118006,011070,0.0
522,2020-09-30,23812,413,5293,56,0,0,0,0,0.0
523,2020-10-01,23889,415,5323,57,0,0,0,0,0.0
524,2020-10-02,23952,416,5334,57,0,0,0,0,0.0
525,2020-10-03,24027,420,5360,59,0,0,0,0,0.0
526,2020-10-04,24091,421,5376,60,0,0,0,0,0.0
527,2020-10-05,24164,422,5395,61,157000,155000,90040,011070,0.0
528,2020-10-06,24239,422,5410,61,157000,158000,107303,011070,0.0
529,2020-10-07,24353,425,5443,61,166000,157000,261275,011070,0.0
530,2020-10-08,24422,427,5463,62,166000,167500,230506,011070,0.0
531,2020-10-09,24476,428,5485,62,0,0,0,0,0.0
532,2020-10-10,24548,430,5510,63,0,0,0,0,0.0
533,2020-10-11,24606,432,5533,64,0,0,0,0,0.0
534,2020-10-12,24703,433,5564,64,162000,167500,117661,011070,0.0
535,2020-10-13,24794,434,5584,65,163000,166500,195485,011070,0.0
536,2020-10-14,24878,438,5607,66,163000,166000,224184,011070,0.0
537,2020-10-15,24988,439,5632,66,159500,163000,127547,011070,0.0
