,date,total_cases,total_deaths,ca_cases,ca_deaths,ticker,open,close,volume,neg,neu,pos,compound
0,2020-01-21,1,0,0,0,TSLA,106.0500030517578,109.44000244140624,89017500.0,0.023,0.883,0.094,0.9081
1,2020-01-21,1,0,0,0,TSLA,106.0500030517578,109.44000244140624,89017500.0,0.064,0.861,0.075,0.34
2,2020-01-21,1,0,0,0,TSLA,106.0500030517578,109.44000244140624,89017500.0,0.061,0.8809999999999999,0.057,-0.2023
3,2020-01-21,1,0,0,0,TSLA,106.0500030517578,109.44000244140624,89017500.0,0.08,0.871,0.049,-0.34
4,2020-01-21,1,0,0,0,TSLA,106.0500030517578,109.44000244140624,89017500.0,0.028999999999999998,0.898,0.073,0.3182
5,2020-01-22,1,0,0,0,TSLA,114.37799835205078,113.91200256347656,156845000.0,0.015,0.883,0.10099999999999999,0.9607
6,2020-01-22,1,0,0,0,TSLA,114.37799835205078,113.91200256347656,156845000.0,0.065,0.8190000000000001,0.11599999999999999,0.9990000000000001
7,2020-01-22,1,0,0,0,TSLA,114.37799835205078,113.91200256347656,156845000.0,0.019,0.922,0.059000000000000004,0.765
8,2020-01-22,1,0,0,0,TSLA,114.37799835205078,113.91200256347656,156845000.0,0.07400000000000001,0.877,0.049,-0.9246
9,2020-01-22,1,0,0,0,TSLA,114.37799835205078,113.91200256347656,156845000.0,0.043,0.867,0.09,0.9478
10,2020-01-22,1,0,0,0,TSLA,114.37799835205078,113.91200256347656,156845000.0,0.034,0.893,0.073,0.636
11,2020-01-22,1,0,0,0,TSLA,114.37799835205078,113.91200256347656,156845000.0,0.09300000000000001,0.787,0.12,0.6486
12,2020-01-22,1,0,0,0,TSLA,114.37799835205078,113.91200256347656,156845000.0,0.11,0.797,0.09300000000000001,-0.8537
13,2020-01-22,1,0,0,0,TSLA,114.37799835205078,113.91200256347656,156845000.0,0.05,0.8440000000000001,0.106,0.9712
14,2020-01-23,1,0,0,0,TSLA,112.8499984741211,114.44000244140624,98255000.0,0.024,0.848,0.128,0.9842
15,2020-01-23,1,0,0,0,TSLA,112.8499984741211,114.44000244140624,98255000.0,0.035,0.8390000000000001,0.126,0.9334
16,2020-01-23,1,0,0,0,TSLA,112.8499984741211,114.44000244140624,98255000.0,0.12300000000000001,0.863,0.015,-0.9893
17,2020-01-23,1,0,0,0,TSLA,112.8499984741211,114.44000244140624,98255000.0,0.067,0.838,0.095,0.807
18,2020-01-23,1,0,0,0,TSLA,112.8499984741211,114.44000244140624,98255000.0,0.009000000000000001,0.823,0.168,0.9868
19,2020-01-23,1,0,0,0,TSLA,112.8499984741211,114.44000244140624,98255000.0,0.064,0.8740000000000001,0.062,-0.3182
20,2020-01-23,1,0,0,0,TSLA,112.8499984741211,114.44000244140624,98255000.0,0.092,0.825,0.083,-0.6486
21,2020-01-24,2,0,0,0,TSLA,114.1259994506836,112.96399688720705,71768000.0,0.057,0.8240000000000001,0.11900000000000001,0.9786
22,2020-01-24,2,0,0,0,TSLA,114.1259994506836,112.96399688720705,71768000.0,0.046,0.883,0.07,0.2263
23,2020-01-24,2,0,0,0,TSLA,114.1259994506836,112.96399688720705,71768000.0,0.128,0.799,0.073,-0.9803
24,2020-01-24,2,0,0,0,TSLA,114.1259994506836,112.96399688720705,71768000.0,0.066,0.863,0.071,-0.0793
25,2020-01-25,3,0,0,0,0,0.0,0.0,0.0,0.0,0.0,0.0,0.0
26,2020-01-26,5,0,0,0,0,0.0,0.0,0.0,0.008,0.9129999999999999,0.079,0.9807
27,2020-01-26,5,0,0,0,0,0.0,0.0,0.0,0.057999999999999996,0.9059999999999999,0.036000000000000004,-0.6915
28,2020-01-26,5,0,0,0,0,0.0,0.0,0.0,0.057999999999999996,0.9,0.043,-0.7882
29,2020-01-27,5,0,0,0,TSLA,108.39800262451172,111.60399627685548,68040500.0,0.026000000000000002,0.912,0.061,0.7717
30,2020-01-28,5,0,0,0,TSLA,113.697998046875,113.37999725341795,58942500.0,0.023,0.87,0.107,0.9933
31,2020-01-28,5,0,0,0,TSLA,113.697998046875,113.37999725341795,58942500.0,0.022000000000000002,0.862,0.11599999999999999,0.9784
32,2020-01-28,5,0,0,0,TSLA,113.697998046875,113.37999725341795,58942500.0,0.037000000000000005,0.856,0.10800000000000001,0.9955
33,2020-01-29,5,0,0,0,TSLA,115.13800048828124,116.197998046875,89007500.0,0.038,0.821,0.14,0.9933
34,2020-01-29,5,0,0,0,TSLA,115.13800048828124,116.197998046875,89007500.0,0.115,0.87,0.015,-0.9955
35,2020-01-29,5,0,0,0,TSLA,115.13800048828124,116.197998046875,89007500.0,0.0,0.872,0.128,0.4767
36,2020-01-29,5,0,0,0,TSLA,115.13800048828124,116.197998046875,89007500.0,0.028999999999999998,0.8809999999999999,0.09,0.9929
37,2020-01-29,5,0,0,0,TSLA,115.13800048828124,116.197998046875,89007500.0,0.0,0.917,0.083,0.9081
38,2020-01-29,5,0,0,0,TSLA,115.13800048828124,116.197998046875,89007500.0,0.012,0.917,0.071,0.8625
39,2020-01-29,5,0,0,0,TSLA,115.13800048828124,116.197998046875,89007500.0,0.012,0.935,0.053,0.8764
40,2020-01-30,6,0,0,0,TSLA,126.48400115966795,128.16200256347656,145028500.0,0.126,0.8370000000000001,0.037000000000000005,-0.9601
41,2020-01-30,6,0,0,0,TSLA,126.48400115966795,128.16200256347656,145028500.0,0.051,0.873,0.077,0.9693
42,2020-01-30,6,0,0,0,TSLA,126.48400115966795,128.16200256347656,145028500.0,0.0,0.975,0.025,0.4939
43,2020-01-30,6,0,0,0,TSLA,126.48400115966795,128.16200256347656,145028500.0,0.079,0.8590000000000001,0.062,-0.937
44,2020-01-30,6,0,0,0,TSLA,126.48400115966795,128.16200256347656,145028500.0,0.076,0.8370000000000001,0.086,-0.1531
45,2020-01-30,6,0,0,0,TSLA,126.48400115966795,128.16200256347656,145028500.0,0.063,0.892,0.046,-0.2263
46,2020-01-30,6,0,0,0,TSLA,126.48400115966795,128.16200256347656,145028500.0,0.03,0.846,0.124,0.9749
47,2020-01-30,6,0,0,0,TSLA,126.48400115966795,128.16200256347656,145028500.0,0.0,0.934,0.066,0.8625
48,2020-01-30,6,0,0,0,TSLA,126.48400115966795,128.16200256347656,145028500.0,0.028999999999999998,0.8759999999999999,0.096,0.8859999999999999
49,2020-01-30,6,0,0,0,TSLA,126.48400115966795,128.16200256347656,145028500.0,0.098,0.841,0.061,-0.9073
50,2020-01-30,6,0,0,0,TSLA,126.48400115966795,128.16200256347656,145028500.0,0.028999999999999998,0.8240000000000001,0.147,0.875
51,2020-01-30,6,0,0,0,TSLA,126.48400115966795,128.16200256347656,145028500.0,0.065,0.8079999999999999,0.127,0.9501
52,2020-01-30,6,0,0,0,TSLA,126.48400115966795,128.16200256347656,145028500.0,0.085,0.838,0.077,-0.6486
53,2020-01-30,6,0,0,0,TSLA,126.48400115966795,128.16200256347656,145028500.0,0.098,0.754,0.14800000000000002,0.9578
54,2020-01-31,7,0,0,0,TSLA,128.0,130.11399841308594,78596500.0,0.046,0.903,0.051,0.5106
55,2020-01-31,7,0,0,0,TSLA,128.0,130.11399841308594,78596500.0,0.094,0.852,0.054000000000000006,-0.9136
56,2020-01-31,7,0,0,0,TSLA,128.0,130.11399841308594,78596500.0,0.059000000000000004,0.872,0.069,-0.1263
57,2020-02-01,8,0,0,0,0,0.0,0.0,0.0,0.105,0.772,0.12300000000000001,0.9657
58,2020-02-01,8,0,0,0,0,0.0,0.0,0.0,0.064,0.882,0.054000000000000006,-0.9403
59,2020-02-02,11,0,0,0,0,0.0,0.0,0.0,0.0,0.0,0.0,0.0
60,2020-02-03,11,0,0,0,TSLA,134.73800659179688,156.0,236167500.0,0.0,0.862,0.138,0.9059999999999999
61,2020-02-03,11,0,0,0,TSLA,134.73800659179688,156.0,236167500.0,0.0,0.887,0.113,0.3182
62,2020-02-03,11,0,0,0,TSLA,134.73800659179688,156.0,236167500.0,0.084,0.768,0.14800000000000002,0.9814
63,2020-02-03,11,0,0,0,TSLA,134.73800659179688,156.0,236167500.0,0.03,0.821,0.149,0.9826
64,2020-02-03,11,0,0,0,TSLA,134.73800659179688,156.0,236167500.0,0.038,0.883,0.079,0.9662
65,2020-02-03,11,0,0,0,TSLA,134.73800659179688,156.0,236167500.0,0.038,0.8140000000000001,0.14800000000000002,0.9887
66,2020-02-04,11,0,0,0,TSLA,176.5919952392578,177.41200256347656,304694000.0,0.035,0.852,0.114,0.9538
67,2020-02-04,11,0,0,0,TSLA,176.5919952392578,177.41200256347656,304694000.0,0.027999999999999997,0.84,0.133,0.9961
68,2020-02-04,11,0,0,0,TSLA,176.5919952392578,177.41200256347656,304694000.0,0.057,0.888,0.055,-0.2309
69,2020-02-04,11,0,0,0,TSLA,176.5919952392578,177.41200256347656,304694000.0,0.0,1.0,0.0,0.0
70,2020-02-04,11,0,0,0,TSLA,176.5919952392578,177.41200256347656,304694000.0,0.047,0.894,0.057999999999999996,0.7269
71,2020-02-04,11,0,0,0,TSLA,176.5919952392578,177.41200256347656,304694000.0,0.05,0.845,0.105,0.9789
72,2020-02-04,11,0,0,0,TSLA,176.5919952392578,177.41200256347656,304694000.0,0.006,0.8640000000000001,0.13,0.9652
73,2020-02-04,11,0,0,0,TSLA,176.5919952392578,177.41200256347656,304694000.0,0.033,0.8490000000000001,0.11800000000000001,0.9628
74,2020-02-04,11,0,0,0,TSLA,176.5919952392578,177.41200256347656,304694000.0,0.125,0.8059999999999999,0.069,-0.9349
75,2020-02-04,11,0,0,0,TSLA,176.5919952392578,177.41200256347656,304694000.0,0.035,0.8909999999999999,0.07400000000000001,0.4939
76,2020-02-04,11,0,0,0,TSLA,176.5919952392578,177.41200256347656,304694000.0,0.0,0.0,0.0,0.0
77,2020-02-04,11,0,0,0,TSLA,176.5919952392578,177.41200256347656,304694000.0,0.162,0.779,0.059000000000000004,-0.9914
78,2020-02-04,11,0,0,0,TSLA,176.5919952392578,177.41200256347656,304694000.0,0.027000000000000003,0.9279999999999999,0.045,0.631
79,2020-02-04,11,0,0,0,TSLA,176.5919952392578,177.41200256347656,304694000.0,0.012,0.8420000000000001,0.146,0.98
80,2020-02-04,11,0,0,0,TSLA,176.5919952392578,177.41200256347656,304694000.0,0.02,0.903,0.077,0.6486
81,2020-02-04,11,0,0,0,TSLA,176.5919952392578,177.41200256347656,304694000.0,0.040999999999999995,0.8270000000000001,0.132,0.9828
82,2020-02-05,12,0,0,0,TSLA,164.65199279785156,146.94000244140625,242119000.0,0.077,0.9059999999999999,0.017,-0.8399
83,2020-02-05,12,0,0,0,TSLA,164.65199279785156,146.94000244140625,242119000.0,0.03,0.878,0.092,0.8909999999999999
84,2020-02-05,12,0,0,0,TSLA,164.65199279785156,146.94000244140625,242119000.0,0.063,0.846,0.091,0.976
85,2020-02-05,12,0,0,0,TSLA,164.65199279785156,146.94000244140625,242119000.0,0.057,0.853,0.09,0.9407
86,2020-02-05,12,0,0,0,TSLA,164.65199279785156,146.94000244140625,242119000.0,0.08,0.8690000000000001,0.051,-0.958
87,2020-02-05,12,0,0,0,TSLA,164.65199279785156,146.94000244140625,242119000.0,0.065,0.831,0.10300000000000001,0.9361
88,2020-02-05,12,0,0,0,TSLA,164.65199279785156,146.94000244140625,242119000.0,0.027999999999999997,0.845,0.127,0.993
89,2020-02-05,12,0,0,0,TSLA,164.65199279785156,146.94000244140625,242119000.0,0.081,0.85,0.069,-0.6542
90,2020-02-05,12,0,0,0,TSLA,164.65199279785156,146.94000244140625,242119000.0,0.062,0.855,0.083,0.8591
91,2020-02-05,12,0,0,0,TSLA,164.65199279785156,146.94000244140625,242119000.0,0.08900000000000001,0.818,0.09300000000000001,0.3327
92,2020-02-05,12,0,0,0,TSLA,164.65199279785156,146.94000244140625,242119000.0,0.033,0.8490000000000001,0.11800000000000001,0.9628
93,2020-02-05,12,0,0,0,TSLA,164.65199279785156,146.94000244140625,242119000.0,0.083,0.795,0.122,0.9331
94,2020-02-05,12,0,0,0,TSLA,164.65199279785156,146.94000244140625,242119000.0,0.035,0.877,0.08800000000000001,0.9889
95,2020-02-05,12,0,0,0,TSLA,164.65199279785156,146.94000244140625,242119000.0,0.052000000000000005,0.8740000000000001,0.07400000000000001,0.8916
96,2020-02-05,12,0,0,0,TSLA,164.65199279785156,146.94000244140625,242119000.0,0.038,0.919,0.043,0.5499
97,2020-02-05,12,0,0,0,TSLA,164.65199279785156,146.94000244140625,242119000.0,0.071,0.861,0.067,-0.1689
98,2020-02-05,12,0,0,0,TSLA,164.65199279785156,146.94000244140625,242119000.0,0.042,0.863,0.096,0.9262
99,2020-02-06,12,0,0,0,TSLA,139.98399353027344,149.79200744628906,199404000.0,0.053,0.87,0.077,0.4939
100,2020-02-06,12,0,0,0,TSLA,139.98399353027344,149.79200744628906,199404000.0,0.017,0.863,0.12,0.9896
101,2020-02-06,12,0,0,0,TSLA,139.98399353027344,149.79200744628906,199404000.0,0.054000000000000006,0.87,0.076,0.6357
102,2020-02-06,12,0,0,0,TSLA,139.98399353027344,149.79200744628906,199404000.0,0.069,0.82,0.111,0.4926
103,2020-02-06,12,0,0,0,TSLA,139.98399353027344,149.79200744628906,199404000.0,0.136,0.8140000000000001,0.05,-0.9928
104,2020-02-06,12,0,0,0,TSLA,139.98399353027344,149.79200744628906,199404000.0,0.08,0.885,0.035,-0.8225
105,2020-02-06,12,0,0,0,TSLA,139.98399353027344,149.79200744628906,199404000.0,0.077,0.809,0.115,0.8765
106,2020-02-06,12,0,0,0,TSLA,139.98399353027344,149.79200744628906,199404000.0,0.02,0.893,0.086,0.9802
107,2020-02-06,12,0,0,0,TSLA,139.98399353027344,149.79200744628906,199404000.0,0.021,0.9159999999999999,0.063,0.9787
108,2020-02-07,12,0,0,0,TSLA,146.11000061035156,149.61399841308594,85317500.0,0.076,0.8270000000000001,0.096,0.8522
109,2020-02-07,12,0,0,0,TSLA,146.11000061035156,149.61399841308594,85317500.0,0.047,0.847,0.105,0.9296
110,2020-02-07,12,0,0,0,TSLA,146.11000061035156,149.61399841308594,85317500.0,0.034,0.866,0.1,0.9917
111,2020-02-07,12,0,0,0,TSLA,146.11000061035156,149.61399841308594,85317500.0,0.114,0.8690000000000001,0.017,-0.9455
112,2020-02-08,12,0,0,0,0,0.0,0.0,0.0,0.052000000000000005,0.877,0.07200000000000001,0.971
113,2020-02-08,12,0,0,0,0,0.0,0.0,0.0,0.038,0.93,0.032,-0.2708
114,2020-02-08,12,0,0,0,0,0.0,0.0,0.0,0.07200000000000001,0.855,0.073,-0.3818
115,2020-02-08,12,0,0,0,0,0.0,0.0,0.0,0.057,0.736,0.207,0.9752
116,2020-02-09,12,0,0,0,0,0.0,0.0,0.0,0.0,0.0,0.0,0.0
117,2020-02-10,13,0,0,0,TSLA,160.0,154.25599670410156,123446000.0,0.07200000000000001,0.8590000000000001,0.069,-0.29600000000000004
118,2020-02-10,13,0,0,0,TSLA,160.0,154.25599670410156,123446000.0,0.07400000000000001,0.8740000000000001,0.052000000000000005,-0.9909
119,2020-02-10,13,0,0,0,TSLA,160.0,154.25599670410156,123446000.0,0.07200000000000001,0.8759999999999999,0.052000000000000005,-0.9895
120,2020-02-10,13,0,0,0,TSLA,160.0,154.25599670410156,123446000.0,0.08900000000000001,0.83,0.08199999999999999,-0.8975
121,2020-02-10,13,0,0,0,TSLA,160.0,154.25599670410156,123446000.0,0.085,0.87,0.045,-0.9718
122,2020-02-10,13,0,0,0,TSLA,160.0,154.25599670410156,123446000.0,0.0,0.867,0.133,0.3182
123,2020-02-10,13,0,0,0,TSLA,160.0,154.25599670410156,123446000.0,0.08199999999999999,0.85,0.068,-0.6966
124,2020-02-10,13,0,0,0,TSLA,160.0,154.25599670410156,123446000.0,0.024,0.9309999999999999,0.045,0.7482
125,2020-02-10,13,0,0,0,TSLA,160.0,154.25599670410156,123446000.0,0.051,0.855,0.095,0.9001
126,2020-02-10,13,0,0,0,TSLA,160.0,154.25599670410156,123446000.0,0.013999999999999999,0.922,0.065,0.9377
127,2020-02-10,13,0,0,0,TSLA,160.0,154.25599670410156,123446000.0,0.035,0.883,0.08199999999999999,0.9674
128,2020-02-10,13,0,0,0,TSLA,160.0,154.25599670410156,123446000.0,0.035,0.905,0.06,0.9401
129,2020-02-10,13,0,0,0,TSLA,160.0,154.25599670410156,123446000.0,0.068,0.871,0.062,-0.7814
130,2020-02-11,13,0,0,0,TSLA,153.75799560546875,154.87600708007812,58487500.0,0.055,0.799,0.146,0.9454
131,2020-02-11,13,0,0,0,TSLA,153.75799560546875,154.87600708007812,58487500.0,0.099,0.862,0.039,-0.9993
132,2020-02-11,13,0,0,0,TSLA,153.75799560546875,154.87600708007812,58487500.0,0.09300000000000001,0.8759999999999999,0.031,-0.9709
133,2020-02-11,13,0,0,0,TSLA,153.75799560546875,154.87600708007812,58487500.0,0.0,0.924,0.076,0.6808
134,2020-02-12,14,0,0,0,TSLA,155.57400512695312,153.45799255371094,60112500.0,0.07200000000000001,0.917,0.011000000000000001,-0.9533
135,2020-02-13,15,0,0,0,TSLA,148.3679962158203,160.8000030517578,131446500.0,0.0,0.922,0.078,0.7003
136,2020-02-13,15,0,0,0,TSLA,148.3679962158203,160.8000030517578,131446500.0,0.077,0.8640000000000001,0.057999999999999996,-0.7906
137,2020-02-13,15,0,0,0,TSLA,148.3679962158203,160.8000030517578,131446500.0,0.138,0.8490000000000001,0.013000000000000001,-0.9194
138,2020-02-13,15,0,0,0,TSLA,148.3679962158203,160.8000030517578,131446500.0,0.0,0.887,0.113,0.3182
139,2020-02-13,15,0,0,0,TSLA,148.3679962158203,160.8000030517578,131446500.0,0.057,0.8590000000000001,0.084,0.8887
140,2020-02-13,15,0,0,0,TSLA,148.3679962158203,160.8000030517578,131446500.0,0.10099999999999999,0.841,0.059000000000000004,-0.9274
141,2020-02-13,15,0,0,0,TSLA,148.3679962158203,160.8000030517578,131446500.0,0.040999999999999995,0.855,0.10400000000000001,0.9859
142,2020-02-13,15,0,0,0,TSLA,148.3679962158203,160.8000030517578,131446500.0,0.013000000000000001,0.872,0.115,0.9935
143,2020-02-13,15,0,0,0,TSLA,148.3679962158203,160.8000030517578,131446500.0,0.10800000000000001,0.8390000000000001,0.053,-0.9492
144,2020-02-13,15,0,0,0,TSLA,148.3679962158203,160.8000030517578,131446500.0,0.096,0.845,0.059000000000000004,-0.8731
145,2020-02-13,15,0,0,0,TSLA,148.3679962158203,160.8000030517578,131446500.0,0.0,0.0,0.0,0.0
146,2020-02-14,15,0,0,0,TSLA,157.44400024414062,160.00599670410156,78468500.0,0.022000000000000002,0.8740000000000001,0.10300000000000001,0.7684
147,2020-02-14,15,0,0,0,TSLA,157.44400024414062,160.00599670410156,78468500.0,0.133,0.8029999999999999,0.064,-0.3612
148,2020-02-14,15,0,0,0,TSLA,157.44400024414062,160.00599670410156,78468500.0,0.031,0.907,0.062,0.9538
149,2020-02-14,15,0,0,0,TSLA,157.44400024414062,160.00599670410156,78468500.0,0.035,0.9079999999999999,0.057,0.4215
150,2020-02-14,15,0,0,0,TSLA,157.44400024414062,160.00599670410156,78468500.0,0.013999999999999999,0.8740000000000001,0.11199999999999999,0.93
151,2020-02-14,15,0,0,0,TSLA,157.44400024414062,160.00599670410156,78468500.0,0.105,0.8540000000000001,0.042,-0.9799
152,2020-02-14,15,0,0,0,TSLA,157.44400024414062,160.00599670410156,78468500.0,0.0,0.897,0.10300000000000001,0.9670000000000001
153,2020-02-15,15,0,0,0,0,0.0,0.0,0.0,0.0,0.0,0.0,0.0
154,2020-02-16,15,0,0,0,0,0.0,0.0,0.0,0.086,0.8490000000000001,0.065,-0.6416
155,2020-02-17,25,0,0,0,0,0.0,0.0,0.0,0.0,0.0,0.0,0.0
156,2020-02-18,25,0,0,0,TSLA,168.32000732421875,171.67999267578125,81908500.0,0.0,0.0,0.0,0.0
157,2020-02-18,25,0,0,0,TSLA,168.32000732421875,171.67999267578125,81908500.0,0.037000000000000005,0.86,0.10300000000000001,0.9832
158,2020-02-18,25,0,0,0,TSLA,168.32000732421875,171.67999267578125,81908500.0,0.057,0.871,0.07200000000000001,0.855
159,2020-02-18,25,0,0,0,TSLA,168.32000732421875,171.67999267578125,81908500.0,0.10800000000000001,0.83,0.062,-0.9629
160,2020-02-18,25,0,0,0,TSLA,168.32000732421875,171.67999267578125,81908500.0,0.019,0.883,0.098,0.9286
161,2020-02-18,25,0,0,0,TSLA,168.32000732421875,171.67999267578125,81908500.0,0.099,0.853,0.048,-0.9317
162,2020-02-18,25,0,0,0,TSLA,168.32000732421875,171.67999267578125,81908500.0,0.008,0.868,0.124,0.993
163,2020-02-18,25,0,0,0,TSLA,168.32000732421875,171.67999267578125,81908500.0,0.04,0.935,0.025,-0.5083
164,2020-02-19,25,0,0,0,TSLA,184.6999969482422,183.48399353027344,127115000.0,0.066,0.872,0.063,-0.765
165,2020-02-19,25,0,0,0,TSLA,184.6999969482422,183.48399353027344,127115000.0,0.0,0.958,0.042,0.2023
166,2020-02-19,25,0,0,0,TSLA,184.6999969482422,183.48399353027344,127115000.0,0.0,0.9690000000000001,0.031,0.5267
167,2020-02-19,25,0,0,0,TSLA,184.6999969482422,183.48399353027344,127115000.0,0.044000000000000004,0.917,0.038,-0.2732
168,2020-02-19,25,0,0,0,TSLA,184.6999969482422,183.48399353027344,127115000.0,0.028999999999999998,0.846,0.126,0.9847
169,2020-02-19,25,0,0,0,TSLA,184.6999969482422,183.48399353027344,127115000.0,0.0,0.934,0.066,0.9032
170,2020-02-19,25,0,0,0,TSLA,184.6999969482422,183.48399353027344,127115000.0,0.07,0.82,0.11,0.8248
171,2020-02-19,25,0,0,0,TSLA,184.6999969482422,183.48399353027344,127115000.0,0.016,0.863,0.121,0.9918
172,2020-02-20,27,0,0,0,TSLA,182.38999938964844,179.8820037841797,88174500.0,0.028999999999999998,0.894,0.077,0.9495
173,2020-02-20,27,0,0,0,TSLA,182.38999938964844,179.8820037841797,88174500.0,0.0,0.84,0.16,0.935
174,2020-02-20,27,0,0,0,TSLA,182.38999938964844,179.8820037841797,88174500.0,0.036000000000000004,0.868,0.095,0.9575
175,2020-02-20,27,0,0,0,TSLA,182.38999938964844,179.8820037841797,88174500.0,0.105,0.816,0.08,-0.6124
176,2020-02-21,30,0,0,0,TSLA,181.39599609375,180.1999969482422,71574000.0,0.033,0.915,0.052000000000000005,0.336
177,2020-02-21,30,0,0,0,TSLA,181.39599609375,180.1999969482422,71574000.0,0.009000000000000001,0.9059999999999999,0.085,0.9521
178,2020-02-21,30,0,0,0,TSLA,181.39599609375,180.1999969482422,71574000.0,0.121,0.805,0.07400000000000001,-0.9568
179,2020-02-21,30,0,0,0,TSLA,181.39599609375,180.1999969482422,71574000.0,0.047,0.84,0.113,0.9136
180,2020-02-21,30,0,0,0,TSLA,181.39599609375,180.1999969482422,71574000.0,0.0,0.9420000000000001,0.057999999999999996,0.2263
181,2020-02-22,30,0,0,0,0,0.0,0.0,0.0,0.0,0.0,0.0,0.0
182,2020-02-23,30,0,0,0,0,0.0,0.0,0.0,0.0,0.0,0.0,0.0
183,2020-02-24,43,0,0,0,TSLA,167.8000030517578,166.75799560546875,75961000.0,0.086,0.867,0.047,-0.8653
184,2020-02-24,43,0,0,0,TSLA,167.8000030517578,166.75799560546875,75961000.0,0.096,0.846,0.057999999999999996,-0.8655
185,2020-02-24,43,0,0,0,TSLA,167.8000030517578,166.75799560546875,75961000.0,0.141,0.792,0.067,-0.9899
186,2020-02-25,45,0,0,0,TSLA,169.8000030517578,159.98199462890625,86452500.0,0.114,0.828,0.057999999999999996,-0.9917
187,2020-02-26,60,0,0,0,TSLA,156.5,155.75999450683594,70427500.0,0.013999999999999999,0.9179999999999999,0.069,0.9640000000000001
188,2020-02-26,60,0,0,0,TSLA,156.5,155.75999450683594,70427500.0,0.013999999999999999,0.96,0.026000000000000002,0.4686
189,2020-02-26,60,0,0,0,TSLA,156.5,155.75999450683594,70427500.0,0.04,0.9159999999999999,0.044000000000000004,0.128
190,2020-02-26,60,0,0,0,TSLA,156.5,155.75999450683594,70427500.0,0.051,0.8809999999999999,0.067,0.7184
191,2020-02-26,60,0,0,0,TSLA,156.5,155.75999450683594,70427500.0,0.031,0.898,0.07,0.9259999999999999
192,2020-02-26,60,0,0,0,TSLA,156.5,155.75999450683594,70427500.0,0.049,0.8340000000000001,0.11699999999999999,0.9924
193,2020-02-27,60,0,0,0,TSLA,146.0,135.80000305175778,121386000.0,0.0,0.863,0.13699999999999998,0.9169
194,2020-02-27,60,0,0,0,TSLA,146.0,135.80000305175778,121386000.0,0.026000000000000002,0.897,0.077,0.9488
195,2020-02-27,60,0,0,0,TSLA,146.0,135.80000305175778,121386000.0,0.08800000000000001,0.867,0.046,-0.9052
196,2020-02-28,65,0,0,0,TSLA,125.94000244140624,133.59800720214844,122821000.0,0.096,0.87,0.034,-0.9825
197,2020-02-28,65,0,0,0,TSLA,125.94000244140624,133.59800720214844,122821000.0,0.069,0.8029999999999999,0.129,0.9931
198,2020-02-29,70,1,0,0,0,0.0,0.0,0.0,0.051,0.862,0.087,0.912
199,2020-02-29,70,1,0,0,0,0.0,0.0,0.0,0.094,0.852,0.054000000000000006,-0.9751
200,2020-03-01,88,3,0,0,0,0.0,0.0,0.0,0.0,0.0,0.0,0.0
201,2020-03-02,104,6,0,0,TSLA,142.2519989013672,148.7239990234375,100975000.0,0.031,0.8590000000000001,0.111,0.9914
202,2020-03-03,125,10,0,0,TSLA,161.0,149.1020050048828,128920000.0,0.0,0.9129999999999999,0.087,0.9134
203,2020-03-03,125,10,0,0,TSLA,161.0,149.1020050048828,128920000.0,0.019,0.831,0.15,0.9011
204,2020-03-03,125,10,0,0,TSLA,161.0,149.1020050048828,128920000.0,0.018000000000000002,0.943,0.039,0.7275
205,2020-03-04,161,12,0,0,TSLA,152.79200744628906,149.89999389648438,75245000.0,0.019,0.9309999999999999,0.05,0.9254
206,2020-03-05,228,12,0,0,TSLA,144.75399780273438,144.9080047607422,54263500.0,0.0,0.0,0.0,0.0
207,2020-03-06,311,15,0,0,TSLA,138.0,140.69599914550778,63314500.0,0.03,0.84,0.13,0.9976
208,2020-03-06,311,15,0,0,TSLA,138.0,140.69599914550778,63314500.0,0.0,0.927,0.073,0.7003
209,2020-03-06,311,15,0,0,TSLA,138.0,140.69599914550778,63314500.0,0.0,1.0,0.0,0.0
210,2020-03-06,311,15,0,0,TSLA,138.0,140.69599914550778,63314500.0,0.111,0.85,0.039,-0.9813
211,2020-03-06,311,15,0,0,TSLA,138.0,140.69599914550778,63314500.0,0.018000000000000002,0.871,0.11199999999999999,0.7564
212,2020-03-06,311,15,0,0,TSLA,138.0,140.69599914550778,63314500.0,0.0,0.9259999999999999,0.07400000000000001,0.9136
213,2020-03-06,311,15,0,0,TSLA,138.0,140.69599914550778,63314500.0,0.087,0.903,0.01,-0.8625
214,2020-03-07,428,19,0,0,0,0.0,0.0,0.0,0.0,0.0,0.0,0.0
215,2020-03-08,547,22,0,0,0,0.0,0.0,0.0,0.0,0.0,0.0,0.0
216,2020-03-09,748,26,0,0,TSLA,121.0780029296875,121.5999984741211,85368500.0,0.0,0.887,0.113,0.3182
217,2020-03-10,1018,31,0,0,TSLA,131.88600158691406,129.06599426269528,77972000.0,0.0,0.975,0.025,0.6808
218,2020-03-11,1263,37,0,0,TSLA,128.03999328613278,126.84600067138672,66612500.0,0.0,0.978,0.022000000000000002,0.4215
219,2020-03-11,1263,37,0,0,TSLA,128.03999328613278,126.84600067138672,66612500.0,0.019,0.925,0.055999999999999994,0.9565
220,2020-03-11,1263,37,0,0,TSLA,128.03999328613278,126.84600067138672,66612500.0,0.032,0.9109999999999999,0.057999999999999996,0.4588
221,2020-03-12,1668,43,0,0,TSLA,116.1780014038086,112.11000061035156,94545500.0,0.046,0.852,0.102,0.978
222,2020-03-13,2224,50,0,0,TSLA,119.0,109.3239974975586,113201500.0,0.068,0.8420000000000001,0.09,0.9324
223,2020-03-13,2224,50,0,0,TSLA,119.0,109.3239974975586,113201500.0,0.075,0.925,0.0,-0.2732
224,2020-03-13,2224,50,0,0,TSLA,119.0,109.3239974975586,113201500.0,0.009000000000000001,0.903,0.08800000000000001,0.9118
225,2020-03-14,2898,60,0,0,0,0.0,0.0,0.0,0.083,0.8490000000000001,0.068,-0.8002
226,2020-03-15,3600,68,0,0,0,0.0,0.0,0.0,0.0,0.0,0.0,0.0
227,2020-03-16,4507,91,0,0,TSLA,93.9000015258789,89.01399993896484,102447500.0,0.10099999999999999,0.84,0.059000000000000004,-0.4949
228,2020-03-16,4507,91,0,0,TSLA,93.9000015258789,89.01399993896484,102447500.0,0.12300000000000001,0.838,0.039,-0.9407
229,2020-03-17,5906,117,0,0,TSLA,88.00199890136719,86.04000091552734,119973000.0,0.111,0.772,0.11599999999999999,0.128
230,2020-03-17,5906,117,0,0,TSLA,88.00199890136719,86.04000091552734,119973000.0,0.047,0.929,0.024,-0.3182
231,2020-03-17,5906,117,0,0,TSLA,88.00199890136719,86.04000091552734,119973000.0,0.11199999999999999,0.858,0.031,-0.9914
232,2020-03-17,5906,117,0,0,TSLA,88.00199890136719,86.04000091552734,119973000.0,0.0,0.986,0.013999999999999999,0.0258
233,2020-03-17,5906,117,0,0,TSLA,88.00199890136719,86.04000091552734,119973000.0,0.033,0.93,0.037000000000000005,0.1531
234,2020-03-18,8350,162,675,15,TSLA,77.80000305175781,72.24400329589844,118931000.0,0.0,1.0,0.0,0.0
235,2020-03-18,8350,162,675,15,TSLA,77.80000305175781,72.24400329589844,118931000.0,0.095,0.835,0.069,-0.9714
236,2020-03-18,8350,162,675,15,TSLA,77.80000305175781,72.24400329589844,118931000.0,0.13699999999999998,0.813,0.05,-0.991
237,2020-03-18,8350,162,675,15,TSLA,77.80000305175781,72.24400329589844,118931000.0,0.048,0.855,0.096,0.899
238,2020-03-18,8350,162,675,15,TSLA,77.80000305175781,72.24400329589844,118931000.0,0.11199999999999999,0.866,0.023,-0.9081
239,2020-03-18,8350,162,675,15,TSLA,77.80000305175781,72.24400329589844,118931000.0,0.031,0.932,0.037000000000000005,0.0433
240,2020-03-18,8350,162,675,15,TSLA,77.80000305175781,72.24400329589844,118931000.0,0.065,0.867,0.068,0.2127
241,2020-03-18,8350,162,675,15,TSLA,77.80000305175781,72.24400329589844,118931000.0,0.0,0.0,0.0,0.0
242,2020-03-19,12393,212,1006,18,TSLA,74.94000244140625,85.52799987792969,150977500.0,0.069,0.826,0.105,0.91
243,2020-03-19,12393,212,1006,18,TSLA,74.94000244140625,85.52799987792969,150977500.0,0.077,0.833,0.09,0.8564
244,2020-03-19,12393,212,1006,18,TSLA,74.94000244140625,85.52799987792969,150977500.0,0.092,0.818,0.09,-0.335
245,2020-03-19,12393,212,1006,18,TSLA,74.94000244140625,85.52799987792969,150977500.0,0.066,0.851,0.083,0.9325
246,2020-03-19,12393,212,1006,18,TSLA,74.94000244140625,85.52799987792969,150977500.0,0.07200000000000001,0.853,0.075,0.4118
247,2020-03-19,12393,212,1006,18,TSLA,74.94000244140625,85.52799987792969,150977500.0,0.076,0.8340000000000001,0.08900000000000001,0.7579
248,2020-03-19,12393,212,1006,18,TSLA,74.94000244140625,85.52799987792969,150977500.0,0.12300000000000001,0.858,0.019,-0.9898
249,2020-03-19,12393,212,1006,18,TSLA,74.94000244140625,85.52799987792969,150977500.0,0.037000000000000005,0.8859999999999999,0.077,0.9815
250,2020-03-19,12393,212,1006,18,TSLA,74.94000244140625,85.52799987792969,150977500.0,0.04,0.9,0.06,0.8819
251,2020-03-19,12393,212,1006,18,TSLA,74.94000244140625,85.52799987792969,150977500.0,0.141,0.8590000000000001,0.0,-0.5574
252,2020-03-20,18012,277,1224,22,TSLA,87.63999938964844,85.50599670410156,141427500.0,0.064,0.879,0.057,-0.9279999999999999
253,2020-03-20,18012,277,1224,22,TSLA,87.63999938964844,85.50599670410156,141427500.0,0.02,0.98,0.0,-0.128
254,2020-03-20,18012,277,1224,22,TSLA,87.63999938964844,85.50599670410156,141427500.0,0.141,0.8590000000000001,0.0,-0.5574
255,2020-03-21,24528,360,1468,26,0,0.0,0.0,0.0,0.044000000000000004,0.941,0.015,-0.4588
256,2020-03-21,24528,360,1468,26,0,0.0,0.0,0.0,0.141,0.8590000000000001,0.0,-0.5574
257,2020-03-22,33073,458,1733,35,0,0.0,0.0,0.0,0.092,0.893,0.015,-0.8779
258,2020-03-22,33073,458,1733,35,0,0.0,0.0,0.0,0.044000000000000004,0.941,0.015,-0.4588
259,2020-03-22,33073,458,1733,35,0,0.0,0.0,0.0,0.024,0.9420000000000001,0.035,0.2519
260,2020-03-22,33073,458,1733,35,0,0.0,0.0,0.0,0.141,0.8590000000000001,0.0,-0.5574
261,2020-03-23,43505,579,1955,37,TSLA,86.72000122070312,86.85800170898438,82272500.0,0.092,0.893,0.015,-0.8779
262,2020-03-23,43505,579,1955,37,TSLA,86.72000122070312,86.85800170898438,82272500.0,0.027000000000000003,0.8859999999999999,0.087,0.9764
263,2020-03-23,43505,579,1955,37,TSLA,86.72000122070312,86.85800170898438,82272500.0,0.04,0.898,0.062,0.8743
264,2020-03-24,53938,785,2535,52,TSLA,95.45999908447266,101.0,114476000.0,0.019,0.856,0.125,0.9287
265,2020-03-25,68572,1054,3006,64,TSLA,109.0500030517578,107.8499984741211,106113500.0,0.096,0.8959999999999999,0.008,-0.9246
266,2020-03-25,68572,1054,3006,64,TSLA,109.0500030517578,107.8499984741211,106113500.0,0.0,0.862,0.138,0.5994
267,2020-03-25,68572,1054,3006,64,TSLA,109.0500030517578,107.8499984741211,106113500.0,0.057999999999999996,0.889,0.053,-0.4324
268,2020-03-25,68572,1054,3006,64,TSLA,109.0500030517578,107.8499984741211,106113500.0,0.0,0.9490000000000001,0.051,0.6705
269,2020-03-26,85570,1353,3801,77,TSLA,109.47799682617188,105.63200378417969,86903500.0,0.045,0.8590000000000001,0.096,0.9974
270,2020-03-26,85570,1353,3801,77,TSLA,109.47799682617188,105.63200378417969,86903500.0,0.034,0.852,0.114,0.5463
271,2020-03-26,85570,1353,3801,77,TSLA,109.47799682617188,105.63200378417969,86903500.0,0.016,0.887,0.098,0.8945
272,2020-03-26,85570,1353,3801,77,TSLA,109.47799682617188,105.63200378417969,86903500.0,0.076,0.924,0.0,-0.4847
273,2020-03-27,102900,1770,4643,101,TSLA,101.0,102.87200164794922,71887000.0,0.024,0.955,0.021,0.092
274,2020-03-27,102900,1770,4643,101,TSLA,101.0,102.87200164794922,71887000.0,0.049,0.909,0.043,-0.6544
275,2020-03-28,123966,2300,5283,118,0,0.0,0.0,0.0,0.06,0.8640000000000001,0.076,0.8346
276,2020-03-29,142486,2718,5763,135,0,0.0,0.0,0.0,0.0,0.0,0.0,0.0
277,2020-03-30,163955,3368,6932,150,TSLA,102.052001953125,100.4260025024414,59990500.0,0.049,0.9009999999999999,0.049,0.2585
278,2020-03-30,163955,3368,6932,150,TSLA,102.052001953125,100.4260025024414,59990500.0,0.077,0.86,0.063,-0.4194
279,2020-03-31,188461,4304,8155,171,TSLA,100.25,104.8000030517578,88857500.0,0.054000000000000006,0.866,0.08,0.6705
280,2020-04-01,215391,5325,9191,203,TSLA,100.8000030517578,96.31199645996094,66766000.0,0.01,0.8909999999999999,0.099,0.9801
281,2020-04-01,215391,5325,9191,203,TSLA,100.8000030517578,96.31199645996094,66766000.0,0.067,0.805,0.127,0.9826
282,2020-04-01,215391,5325,9191,203,TSLA,100.8000030517578,96.31199645996094,66766000.0,0.0,1.0,0.0,0.0
283,2020-04-01,215391,5325,9191,203,TSLA,100.8000030517578,96.31199645996094,66766000.0,0.046,0.904,0.05,0.2484
284,2020-04-01,215391,5325,9191,203,TSLA,100.8000030517578,96.31199645996094,66766000.0,0.094,0.8390000000000001,0.067,-0.7351
285,2020-04-02,245108,6541,10701,237,TSLA,96.20600128173828,90.8939971923828,99292000.0,0.037000000000000005,0.888,0.076,0.91
286,2020-04-02,245108,6541,10701,237,TSLA,96.20600128173828,90.8939971923828,99292000.0,0.031,0.8809999999999999,0.08800000000000001,0.953
287,2020-04-02,245108,6541,10701,237,TSLA,96.20600128173828,90.8939971923828,99292000.0,0.027000000000000003,0.8959999999999999,0.078,0.9031
288,2020-04-02,245108,6541,10701,237,TSLA,96.20600128173828,90.8939971923828,99292000.0,0.051,0.9329999999999999,0.016,-0.5707
289,2020-04-03,277426,7932,12026,276,TSLA,101.9000015258789,96.0019989013672,22562100.0,0.055999999999999994,0.9079999999999999,0.036000000000000004,-0.7003
290,2020-04-04,312525,9488,13438,319,0,0.0,0.0,0.0,0.033,0.951,0.016,-0.34
291,2020-04-05,338141,10856,14336,343,0,0.0,0.0,0.0,0.0,0.0,0.0,0.0
292,2020-04-06,369057,12382,15865,374,TSLA,102.23999786376952,103.2480010986328,14901800.0,0.055,0.838,0.107,0.9575
293,2020-04-06,369057,12382,15865,374,TSLA,102.23999786376952,103.2480010986328,14901800.0,0.0,1.0,0.0,0.0
294,2020-04-06,369057,12382,15865,374,TSLA,102.23999786376952,103.2480010986328,14901800.0,0.048,0.92,0.032,-0.0129
295,2020-04-07,399394,14616,16957,442,TSLA,109.0,109.08999633789062,17919800.0,0.0,0.922,0.078,0.5859
296,2020-04-08,431214,16701,18309,492,TSLA,110.83999633789062,109.76799774169922,12656000.0,0.076,0.88,0.045,-0.7906
297,2020-04-08,431214,16701,18309,492,TSLA,110.83999633789062,109.76799774169922,12656000.0,0.053,0.836,0.111,0.9792
298,2020-04-09,465913,18821,19472,541,TSLA,112.41799926757812,114.5999984741211,13650000.0,0.0,1.0,0.0,0.0
299,2020-04-09,465913,18821,19472,541,TSLA,112.41799926757812,114.5999984741211,13650000.0,0.036000000000000004,0.879,0.085,0.9423
300,2020-04-10,499386,21084,20615,609,0,0.0,0.0,0.0,0.034,0.9570000000000001,0.009000000000000001,-0.7717
301,2020-04-11,531106,23168,21794,651,0,0.0,0.0,0.0,0.0,0.0,0.0,0.0
302,2020-04-12,558249,24849,22348,687,0,0.0,0.0,0.0,0.0,0.0,0.0,0.0
303,2020-04-13,584018,26613,23338,758,TSLA,118.03199768066406,130.19000244140622,22475400.0,0.0,0.0,0.0,0.0
304,2020-04-14,610709,29318,24424,821,TSLA,139.79400634765622,141.97799682617188,30576500.0,0.08800000000000001,0.8390000000000001,0.073,-0.3804
305,2020-04-14,610709,29318,24424,821,TSLA,139.79400634765622,141.97799682617188,30576500.0,0.042,0.836,0.122,0.9843
306,2020-04-14,610709,29318,24424,821,TSLA,139.79400634765622,141.97799682617188,30576500.0,0.032,0.8270000000000001,0.141,0.802
307,2020-04-15,640742,32070,26182,890,TSLA,148.39999389648438,145.96600341796875,23577000.0,0.04,0.9129999999999999,0.047,0.2732
308,2020-04-15,640742,32070,26182,890,TSLA,148.39999389648438,145.96600341796875,23577000.0,0.053,0.9470000000000001,0.0,-0.5719
309,2020-04-15,640742,32070,26182,890,TSLA,148.39999389648438,145.96600341796875,23577000.0,0.0,1.0,0.0,0.0
310,2020-04-15,640742,32070,26182,890,TSLA,148.39999389648438,145.96600341796875,23577000.0,0.034,0.9179999999999999,0.048,0.9287
311,2020-04-15,640742,32070,26182,890,TSLA,148.39999389648438,145.96600341796875,23577000.0,0.087,0.862,0.051,-0.9324
312,2020-04-15,640742,32070,26182,890,TSLA,148.39999389648438,145.96600341796875,23577000.0,0.062,0.865,0.073,0.7096
313,2020-04-15,640742,32070,26182,890,TSLA,148.39999389648438,145.96600341796875,23577000.0,0.091,0.861,0.048,-0.9424
314,2020-04-16,672355,34419,27528,985,TSLA,143.38800048828125,149.04200744628906,20657900.0,0.076,0.87,0.055,-0.8378
315,2020-04-16,672355,34419,27528,985,TSLA,143.38800048828125,149.04200744628906,20657900.0,0.057,0.8809999999999999,0.063,0.0129
316,2020-04-17,703864,36708,28963,1072,TSLA,154.45599365234375,150.7779998779297,13128200.0,0.0,0.0,0.0,0.0
317,2020-04-18,732262,38659,30333,1166,0,0.0,0.0,0.0,0.0,0.0,0.0,0.0
318,2020-04-19,757596,40179,30978,1208,0,0.0,0.0,0.0,0.0,0.0,0.0,0.0
319,2020-04-20,784991,42016,33261,1268,TSLA,146.5399932861328,149.27200317382812,14746600.0,0.057999999999999996,0.8909999999999999,0.051,-0.4404
320,2020-04-21,810505,44688,35396,1354,TSLA,146.0240020751953,137.343994140625,20209100.0,0.0,0.0,0.0,0.0
321,2020-04-22,839336,47059,37369,1469,TSLA,140.79600524902344,146.4219970703125,14224800.0,0.0,0.0,0.0,0.0
322,2020-04-23,873112,49228,39254,1562,TSLA,145.52000427246094,141.12600708007812,13236700.0,0.051,0.8270000000000001,0.122,0.9933
323,2020-04-23,873112,49228,39254,1562,TSLA,145.52000427246094,141.12600708007812,13236700.0,0.024,0.8959999999999999,0.08,0.9615
324,2020-04-23,873112,49228,39254,1562,TSLA,145.52000427246094,141.12600708007812,13236700.0,0.03,0.836,0.134,0.9759
325,2020-04-23,873112,49228,39254,1562,TSLA,145.52000427246094,141.12600708007812,13236700.0,0.032,0.9309999999999999,0.037000000000000005,0.4215
326,2020-04-24,909853,51360,41137,1651,TSLA,142.16200256347656,145.02999877929688,13237600.0,0.027000000000000003,0.915,0.057999999999999996,0.8171
327,2020-04-24,909853,51360,41137,1651,TSLA,142.16200256347656,145.02999877929688,13237600.0,0.08800000000000001,0.85,0.062,-0.9884
328,2020-04-25,944261,53327,42164,1710,0,0.0,0.0,0.0,0.0,0.0,0.0,0.0
329,2020-04-26,970996,54580,43464,1755,0,0.0,0.0,0.0,0.02,0.98,0.0,-0.4767
330,2020-04-27,994193,56022,45031,1809,TSLA,147.52200317382812,159.75,20681400.0,0.081,0.856,0.064,-0.8555
331,2020-04-27,994193,56022,45031,1809,TSLA,147.52200317382812,159.75,20681400.0,0.018000000000000002,0.982,0.0,-0.29600000000000004
332,2020-04-27,994193,56022,45031,1809,TSLA,147.52200317382812,159.75,20681400.0,0.057,0.86,0.083,0.8207
333,2020-04-27,994193,56022,45031,1809,TSLA,147.52200317382812,159.75,20681400.0,0.0,0.889,0.111,0.8442
334,2020-04-28,1018844,58416,46500,1887,TSLA,159.1280059814453,153.82400512695312,15222000.0,0.047,0.85,0.10300000000000001,0.9866
335,2020-04-28,1018844,58416,46500,1887,TSLA,159.1280059814453,153.82400512695312,15222000.0,0.086,0.856,0.057999999999999996,-0.6808
336,2020-04-28,1018844,58416,46500,1887,TSLA,159.1280059814453,153.82400512695312,15222000.0,0.034,0.92,0.046,0.7319
337,2020-04-29,1045399,60930,48917,1982,TSLA,158.03399658203125,160.1020050048828,16216000.0,0.064,0.8909999999999999,0.045,-0.9442
338,2020-04-29,1045399,60930,48917,1982,TSLA,158.03399658203125,160.1020050048828,16216000.0,0.042,0.87,0.08900000000000001,0.9508
339,2020-04-29,1045399,60930,48917,1982,TSLA,158.03399658203125,160.1020050048828,16216000.0,0.048,0.8079999999999999,0.14300000000000002,0.9178
340,2020-04-29,1045399,60930,48917,1982,TSLA,158.03399658203125,160.1020050048828,16216000.0,0.03,0.83,0.14,0.9968
341,2020-04-30,1075756,63140,50442,2073,TSLA,171.03799438476562,156.37600708007812,28471900.0,0.095,0.794,0.111,0.9485
342,2020-04-30,1075756,63140,50442,2073,TSLA,171.03799438476562,156.37600708007812,28471900.0,0.066,0.8170000000000001,0.11699999999999999,0.9872
343,2020-04-30,1075756,63140,50442,2073,TSLA,171.03799438476562,156.37600708007812,28471900.0,0.09300000000000001,0.856,0.051,-0.9732
344,2020-04-30,1075756,63140,50442,2073,TSLA,171.03799438476562,156.37600708007812,28471900.0,0.06,0.7809999999999999,0.159,0.9935
345,2020-04-30,1075756,63140,50442,2073,TSLA,171.03799438476562,156.37600708007812,28471900.0,0.066,0.809,0.125,0.9670000000000001
346,2020-04-30,1075756,63140,50442,2073,TSLA,171.03799438476562,156.37600708007812,28471900.0,0.022000000000000002,0.951,0.027000000000000003,0.1027
347,2020-04-30,1075756,63140,50442,2073,TSLA,171.03799438476562,156.37600708007812,28471900.0,0.086,0.825,0.08900000000000001,-0.1406
348,2020-04-30,1075756,63140,50442,2073,TSLA,171.03799438476562,156.37600708007812,28471900.0,0.105,0.868,0.027000000000000003,-0.8979
349,2020-04-30,1075756,63140,50442,2073,TSLA,171.03799438476562,156.37600708007812,28471900.0,0.095,0.8,0.105,0.7096
350,2020-04-30,1075756,63140,50442,2073,TSLA,171.03799438476562,156.37600708007812,28471900.0,0.068,0.84,0.092,0.7632
351,2020-04-30,1075756,63140,50442,2073,TSLA,171.03799438476562,156.37600708007812,28471900.0,0.064,0.835,0.10099999999999999,0.9279999999999999
352,2020-05-01,1109726,64902,52197,2171,TSLA,151.0,140.26400756835938,32531800.0,0.135,0.7959999999999999,0.069,-0.9717
353,2020-05-01,1109726,64902,52197,2171,TSLA,151.0,140.26400756835938,32531800.0,0.027000000000000003,0.956,0.018000000000000002,-0.0129
354,2020-05-01,1109726,64902,52197,2171,TSLA,151.0,140.26400756835938,32531800.0,0.0,0.9490000000000001,0.051,0.29600000000000004
355,2020-05-01,1109726,64902,52197,2171,TSLA,151.0,140.26400756835938,32531800.0,0.026000000000000002,0.93,0.043,0.8409
356,2020-05-01,1109726,64902,52197,2171,TSLA,151.0,140.26400756835938,32531800.0,0.042,0.875,0.083,0.9336
357,2020-05-01,1109726,64902,52197,2171,TSLA,151.0,140.26400756835938,32531800.0,0.135,0.807,0.057999999999999996,-0.9584
358,2020-05-01,1109726,64902,52197,2171,TSLA,151.0,140.26400756835938,32531800.0,0.13,0.8109999999999999,0.06,-0.9790000000000001
359,2020-05-02,1139200,66485,53616,2215,0,0.0,0.0,0.0,0.045,0.929,0.026000000000000002,-0.5719
360,2020-05-03,1165340,67816,54937,2254,0,0.0,0.0,0.0,0.012,0.9109999999999999,0.077,0.8596
361,2020-05-04,1187302,68905,56212,2317,TSLA,140.19999694824222,152.23800659179688,19237100.0,0.022000000000000002,0.848,0.13,0.9881
362,2020-05-05,1211011,71139,58815,2412,TSLA,157.95799255371094,153.64199829101562,16961900.0,0.022000000000000002,0.885,0.09300000000000001,0.9906
363,2020-05-05,1211011,71139,58815,2412,TSLA,157.95799255371094,153.64199829101562,16961900.0,0.032,0.893,0.075,0.7574
364,2020-05-06,1235515,73847,60614,2504,TSLA,155.3000030517578,156.51600646972656,55616000.0,0.062,0.858,0.08,0.9477
365,2020-05-06,1235515,73847,60614,2504,TSLA,155.3000030517578,156.51600646972656,55616000.0,0.052000000000000005,0.8590000000000001,0.08900000000000001,0.9694
366,2020-05-07,1263993,75805,62512,2585,TSLA,155.44200134277344,156.00799560546875,57638500.0,0.034,0.884,0.08199999999999999,0.9804
367,2020-05-07,1263993,75805,62512,2585,TSLA,155.44200134277344,156.00799560546875,57638500.0,0.006999999999999999,0.955,0.038,0.9064
368,2020-05-07,1263993,75805,62512,2585,TSLA,155.44200134277344,156.00799560546875,57638500.0,0.015,0.937,0.048,0.6892
369,2020-05-08,1291641,77380,64561,2678,TSLA,158.75399780273438,163.88400268554688,80650500.0,0.068,0.857,0.07400000000000001,0.7779
370,2020-05-08,1291641,77380,64561,2678,TSLA,158.75399780273438,163.88400268554688,80650500.0,0.156,0.7879999999999999,0.055999999999999994,-0.9987
371,2020-05-08,1291641,77380,64561,2678,TSLA,158.75399780273438,163.88400268554688,80650500.0,0.042,0.8740000000000001,0.084,0.995
372,2020-05-08,1291641,77380,64561,2678,TSLA,158.75399780273438,163.88400268554688,80650500.0,0.0,1.0,0.0,0.0
373,2020-05-08,1291641,77380,64561,2678,TSLA,158.75399780273438,163.88400268554688,80650500.0,0.054000000000000006,0.89,0.055999999999999994,0.29600000000000004
374,2020-05-09,1316509,78834,66680,2745,0,0.0,0.0,0.0,0.054000000000000006,0.9129999999999999,0.033,-0.5423
375,2020-05-09,1316509,78834,66680,2745,0,0.0,0.0,0.0,0.11900000000000001,0.831,0.05,-0.9954
376,2020-05-10,1336826,79766,67939,2770,0,0.0,0.0,0.0,0.062,0.8859999999999999,0.052000000000000005,-0.2144
377,2020-05-11,1354447,80748,69382,2847,TSLA,158.1020050048828,162.25799560546875,82598000.0,0.022000000000000002,0.978,0.0,-0.29600000000000004
378,2020-05-11,1354447,80748,69382,2847,TSLA,158.1020050048828,162.25799560546875,82598000.0,0.15,0.802,0.048,-0.9984
379,2020-05-11,1354447,80748,69382,2847,TSLA,158.1020050048828,162.25799560546875,82598000.0,0.063,0.875,0.062,0.09
380,2020-05-11,1354447,80748,69382,2847,TSLA,158.1020050048828,162.25799560546875,82598000.0,0.073,0.825,0.102,0.9135
381,2020-05-11,1354447,80748,69382,2847,TSLA,158.1020050048828,162.25799560546875,82598000.0,0.0,0.9620000000000001,0.038,0.29600000000000004
382,2020-05-11,1354447,80748,69382,2847,TSLA,158.1020050048828,162.25799560546875,82598000.0,0.0,1.0,0.0,0.0
383,2020-05-11,1354447,80748,69382,2847,TSLA,158.1020050048828,162.25799560546875,82598000.0,0.07400000000000001,0.8909999999999999,0.035,-0.8907
384,2020-05-11,1354447,80748,69382,2847,TSLA,158.1020050048828,162.25799560546875,82598000.0,0.015,0.8690000000000001,0.11699999999999999,0.9246
385,2020-05-11,1354447,80748,69382,2847,TSLA,158.1020050048828,162.25799560546875,82598000.0,0.062,0.8859999999999999,0.052000000000000005,-0.2144
386,2020-05-11,1354447,80748,69382,2847,TSLA,158.1020050048828,162.25799560546875,82598000.0,0.055999999999999994,0.9440000000000001,0.0,-0.4767
387,2020-05-12,1376747,82400,71141,2934,TSLA,165.39999389648438,161.8820037841797,79534500.0,0.040999999999999995,0.8909999999999999,0.068,0.9402
388,2020-05-12,1376747,82400,71141,2934,TSLA,165.39999389648438,161.8820037841797,79534500.0,0.08900000000000001,0.8420000000000001,0.069,-0.956
389,2020-05-12,1376747,82400,71141,2934,TSLA,165.39999389648438,161.8820037841797,79534500.0,0.064,0.894,0.042,-0.8555
390,2020-05-12,1376747,82400,71141,2934,TSLA,165.39999389648438,161.8820037841797,79534500.0,0.085,0.845,0.07,-0.8489
391,2020-05-12,1376747,82400,71141,2934,TSLA,165.39999389648438,161.8820037841797,79534500.0,0.0,1.0,0.0,0.0
392,2020-05-12,1376747,82400,71141,2934,TSLA,165.39999389648438,161.8820037841797,79534500.0,0.133,0.7709999999999999,0.096,-0.8585
393,2020-05-12,1376747,82400,71141,2934,TSLA,165.39999389648438,161.8820037841797,79534500.0,0.08199999999999999,0.831,0.087,0.2747
394,2020-05-12,1376747,82400,71141,2934,TSLA,165.39999389648438,161.8820037841797,79534500.0,0.092,0.8420000000000001,0.066,-0.9921
395,2020-05-13,1397892,84168,73164,3032,TSLA,164.16600036621094,158.19200134277344,95327500.0,0.031,0.934,0.035,0.5399
396,2020-05-13,1397892,84168,73164,3032,TSLA,164.16600036621094,158.19200134277344,95327500.0,0.03,0.9259999999999999,0.043,0.6808
397,2020-05-13,1397892,84168,73164,3032,TSLA,164.16600036621094,158.19200134277344,95327500.0,0.049,0.873,0.078,0.9591
398,2020-05-13,1397892,84168,73164,3032,TSLA,164.16600036621094,158.19200134277344,95327500.0,0.04,0.915,0.045,-0.2824
399,2020-05-13,1397892,84168,73164,3032,TSLA,164.16600036621094,158.19200134277344,95327500.0,0.0,1.0,0.0,0.0
400,2020-05-13,1397892,84168,73164,3032,TSLA,164.16600036621094,158.19200134277344,95327500.0,0.036000000000000004,0.892,0.07200000000000001,0.9692
401,2020-05-14,1424853,85906,74936,3108,TSLA,156.0,160.66600036621094,68411000.0,0.059000000000000004,0.884,0.057,-0.8402
402,2020-05-14,1424853,85906,74936,3108,TSLA,156.0,160.66600036621094,68411000.0,0.019,0.9420000000000001,0.039,0.4019
403,2020-05-14,1424853,85906,74936,3108,TSLA,156.0,160.66600036621094,68411000.0,0.02,0.915,0.065,0.9896
404,2020-05-14,1424853,85906,74936,3108,TSLA,156.0,160.66600036621094,68411000.0,0.10400000000000001,0.861,0.035,-0.9867
405,2020-05-15,1451090,87499,76793,3204,TSLA,158.07000732421875,159.83399963378906,52592000.0,0.032,0.96,0.009000000000000001,-0.5719
406,2020-05-16,1474748,88724,78839,3261,0,0.0,0.0,0.0,0.07,0.888,0.043,-0.7096
407,2020-05-16,1474748,88724,78839,3261,0,0.0,0.0,0.0,0.013000000000000001,0.914,0.073,0.9539
408,2020-05-17,1493761,89568,80430,3302,0,0.0,0.0,0.0,0.0,0.0,0.0,0.0
409,2020-05-18,1515585,90414,81795,3334,TSLA,165.55599975585938,162.7259979248047,58490500.0,0.061,0.836,0.10300000000000001,0.9645
410,2020-05-19,1536554,91934,84057,3436,TSLA,163.03399658203125,161.6020050048828,48182500.0,0.011000000000000001,0.935,0.054000000000000006,0.9839
411,2020-05-19,1536554,91934,84057,3436,TSLA,163.03399658203125,161.6020050048828,48182500.0,0.042,0.958,0.0,-0.6597
412,2020-05-19,1536554,91934,84057,3436,TSLA,163.03399658203125,161.6020050048828,48182500.0,0.087,0.8240000000000001,0.08900000000000001,0.39799999999999996
413,2020-05-19,1536554,91934,84057,3436,TSLA,163.03399658203125,161.6020050048828,48182500.0,0.0,0.948,0.052000000000000005,0.9049
414,2020-05-19,1536554,91934,84057,3436,TSLA,163.03399658203125,161.6020050048828,48182500.0,0.021,0.889,0.08900000000000001,0.9601
415,2020-05-19,1536554,91934,84057,3436,TSLA,163.03399658203125,161.6020050048828,48182500.0,0.0,0.9079999999999999,0.092,0.9489
416,2020-05-20,1559620,93411,86197,3542,TSLA,164.10000610351562,163.11199951171875,36546500.0,0.0,1.0,0.0,0.0
417,2020-05-21,1585352,94722,88444,3630,TSLA,163.1999969482422,165.52000427246094,61273000.0,0.111,0.76,0.129,0.8271
418,2020-05-21,1585352,94722,88444,3630,TSLA,163.1999969482422,165.52000427246094,61273000.0,0.096,0.804,0.099,0.5023
419,2020-05-22,1609147,96010,90631,3708,TSLA,164.4340057373047,163.37600708007812,49937500.0,0.0,0.0,0.0,0.0
420,2020-05-23,1631416,97059,92710,3774,0,0.0,0.0,0.0,0.10300000000000001,0.83,0.066,-0.9179999999999999
421,2020-05-23,1631416,97059,92710,3774,0,0.0,0.0,0.0,0.10800000000000001,0.826,0.067,-0.9062
422,2020-05-24,1651447,97679,94558,3795,0,0.0,0.0,0.0,0.08900000000000001,0.8170000000000001,0.095,-0.3291
423,2020-05-25,1670547,98189,96733,3814,0,0.0,0.0,0.0,0.08900000000000001,0.8170000000000001,0.095,-0.3291
424,2020-05-26,1689440,98936,98980,3884,TSLA,166.89999389648438,163.7740020751953,40448500.0,0.08900000000000001,0.8170000000000001,0.095,-0.3291
425,2020-05-26,1689440,98936,98980,3884,TSLA,166.89999389648438,163.7740020751953,40448500.0,0.0,0.956,0.044000000000000004,0.7717
426,2020-05-26,1689440,98936,98980,3884,TSLA,166.89999389648438,163.7740020751953,40448500.0,0.009000000000000001,0.951,0.04,0.8519
427,2020-05-27,1708182,100421,101697,3973,TSLA,164.1719970703125,164.04600524902344,57747500.0,0.006999999999999999,0.9159999999999999,0.078,0.9889
428,2020-05-27,1708182,100421,101697,3973,TSLA,164.1719970703125,164.04600524902344,57747500.0,0.048,0.889,0.063,0.6757
429,2020-05-27,1708182,100421,101697,3973,TSLA,164.1719970703125,164.04600524902344,57747500.0,0.012,0.917,0.071,0.9153
430,2020-05-27,1708182,100421,101697,3973,TSLA,164.1719970703125,164.04600524902344,57747500.0,0.079,0.8540000000000001,0.068,-0.9239
431,2020-05-27,1708182,100421,101697,3973,TSLA,164.1719970703125,164.04600524902344,57747500.0,0.015,0.893,0.092,0.8779
432,2020-05-27,1708182,100421,101697,3973,TSLA,164.1719970703125,164.04600524902344,57747500.0,0.0,1.0,0.0,0.0
433,2020-05-27,1708182,100421,101697,3973,TSLA,164.1719970703125,164.04600524902344,57747500.0,0.08900000000000001,0.8170000000000001,0.095,-0.3291
434,2020-05-28,1730692,101621,103886,4068,TSLA,162.70199584960938,161.16200256347656,36278000.0,0.037000000000000005,0.897,0.066,0.9479
435,2020-05-28,1730692,101621,103886,4068,TSLA,162.70199584960938,161.16200256347656,36278000.0,0.08900000000000001,0.8170000000000001,0.095,-0.3291
436,2020-05-29,1755240,102811,106878,4156,TSLA,161.75,167.0,59062500.0,0.013000000000000001,0.934,0.053,0.9451
437,2020-05-29,1755240,102811,106878,4156,TSLA,161.75,167.0,59062500.0,0.08900000000000001,0.8170000000000001,0.095,-0.3291
438,2020-05-30,1778637,103774,110583,4213,0,0.0,0.0,0.0,0.08900000000000001,0.8170000000000001,0.095,-0.3291
439,2020-05-31,1799271,104378,113006,4251,0,0.0,0.0,0.0,0.013999999999999999,0.9129999999999999,0.073,0.9789
440,2020-05-31,1799271,104378,113006,4251,0,0.0,0.0,0.0,0.08900000000000001,0.8170000000000001,0.095,-0.3291
441,2020-05-31,1799271,104378,113006,4251,0,0.0,0.0,0.0,0.005,0.9179999999999999,0.077,0.9826
442,2020-06-01,1821167,105112,115310,4286,TSLA,171.60000610351562,179.6199951171875,74697500.0,0.015,0.893,0.092,0.8779
443,2020-06-01,1821167,105112,115310,4286,TSLA,171.60000610351562,179.6199951171875,74697500.0,0.08900000000000001,0.8170000000000001,0.095,-0.3291
444,2020-06-02,1841953,106194,117687,4361,TSLA,178.94000244140625,176.31199645996094,67828000.0,0.0,0.941,0.059000000000000004,0.946
445,2020-06-02,1841953,106194,117687,4361,TSLA,178.94000244140625,176.31199645996094,67828000.0,0.0,1.0,0.0,0.0
446,2020-06-03,1861939,107183,119807,4422,TSLA,177.62399291992188,176.5919952392578,39747500.0,0.0,0.9309999999999999,0.069,0.8481
447,2020-06-04,1883554,108191,122901,4485,TSLA,177.9759979248047,172.87600708007812,44438500.0,0.0,0.9179999999999999,0.08199999999999999,0.961
448,2020-06-04,1883554,108191,122901,4485,TSLA,177.9759979248047,172.87600708007812,44438500.0,0.098,0.7879999999999999,0.114,0.8688
449,2020-06-04,1883554,108191,122901,4485,TSLA,177.9759979248047,172.87600708007812,44438500.0,0.038,0.895,0.068,0.802
450,2020-06-04,1883554,108191,122901,4485,TSLA,177.9759979248047,172.87600708007812,44438500.0,0.022000000000000002,0.9079999999999999,0.07,0.9837
451,2020-06-04,1883554,108191,122901,4485,TSLA,177.9759979248047,172.87600708007812,44438500.0,0.017,0.862,0.121,0.9517
452,2020-06-04,1883554,108191,122901,4485,TSLA,177.9759979248047,172.87600708007812,44438500.0,0.105,0.8059999999999999,0.08800000000000001,-0.5423
453,2020-06-04,1883554,108191,122901,4485,TSLA,177.9759979248047,172.87600708007812,44438500.0,0.071,0.799,0.131,0.9513
454,2020-06-05,1912261,109303,126016,4559,TSLA,175.5679931640625,177.1320037841797,39059500.0,0.057,0.861,0.08199999999999999,0.946
455,2020-06-06,1934771,110031,128812,4626,0,0.0,0.0,0.0,0.0,0.0,0.0,0.0
456,2020-06-07,1953386,110421,131319,4653,0,0.0,0.0,0.0,0.0,0.0,0.0,0.0
457,2020-06-08,1971591,111143,133489,4697,TSLA,183.8000030517578,189.98399353027344,70873500.0,0.0,1.0,0.0,0.0
458,2020-06-08,1971591,111143,133489,4697,TSLA,183.8000030517578,189.98399353027344,70873500.0,0.0,0.9159999999999999,0.084,0.9136
459,2020-06-08,1971591,111143,133489,4697,TSLA,183.8000030517578,189.98399353027344,70873500.0,0.08199999999999999,0.8109999999999999,0.107,0.9549
460,2020-06-08,1971591,111143,133489,4697,TSLA,183.8000030517578,189.98399353027344,70873500.0,0.051,0.85,0.099,0.9186
461,2020-06-08,1971591,111143,133489,4697,TSLA,183.8000030517578,189.98399353027344,70873500.0,0.059000000000000004,0.841,0.1,0.9118
462,2020-06-08,1971591,111143,133489,4697,TSLA,183.8000030517578,189.98399353027344,70873500.0,0.095,0.77,0.135,0.8109
463,2020-06-08,1971591,111143,133489,4697,TSLA,183.8000030517578,189.98399353027344,70873500.0,0.040999999999999995,0.9009999999999999,0.057999999999999996,0.9678
464,2020-06-09,1990396,112173,136191,4776,TSLA,188.0019989013672,188.13400268554688,56941000.0,0.0,0.0,0.0,0.0
465,2020-06-10,2013246,113102,139281,4881,TSLA,198.3760070800781,205.00999450683602,92817000.0,0.006,0.8420000000000001,0.152,0.9875
466,2020-06-10,2013246,113102,139281,4881,TSLA,198.3760070800781,205.00999450683602,92817000.0,0.0,0.981,0.019,0.29600000000000004
467,2020-06-10,2013246,113102,139281,4881,TSLA,198.3760070800781,205.00999450683602,92817000.0,0.01,0.922,0.068,0.9735
468,2020-06-10,2013246,113102,139281,4881,TSLA,198.3760070800781,205.00999450683602,92817000.0,0.052000000000000005,0.866,0.08199999999999999,0.6908
469,2020-06-10,2013246,113102,139281,4881,TSLA,198.3760070800781,205.00999450683602,92817000.0,0.054000000000000006,0.843,0.10300000000000001,0.9432
470,2020-06-10,2013246,113102,139281,4881,TSLA,198.3760070800781,205.00999450683602,92817000.0,0.0,0.986,0.013999999999999999,0.5267
471,2020-06-11,2036447,113979,141983,4943,TSLA,198.0399932861328,194.5679931640625,79582500.0,0.0,0.938,0.062,0.5859
472,2020-06-11,2036447,113979,141983,4943,TSLA,198.0399932861328,194.5679931640625,79582500.0,0.011000000000000001,0.92,0.069,0.8934
473,2020-06-11,2036447,113979,141983,4943,TSLA,198.0399932861328,194.5679931640625,79582500.0,0.023,0.924,0.053,0.4404
474,2020-06-11,2036447,113979,141983,4943,TSLA,198.0399932861328,194.5679931640625,79582500.0,0.07,0.852,0.077,0.8171
475,2020-06-11,2036447,113979,141983,4943,TSLA,198.0399932861328,194.5679931640625,79582500.0,0.025,0.8690000000000001,0.106,0.5927
476,2020-06-12,2061939,114758,145643,4989,TSLA,196.0,187.05599975585938,83817000.0,0.067,0.878,0.055999999999999994,-0.9493
477,2020-06-12,2061939,114758,145643,4989,TSLA,196.0,187.05599975585938,83817000.0,0.051,0.857,0.092,0.8908
478,2020-06-12,2061939,114758,145643,4989,TSLA,196.0,187.05599975585938,83817000.0,0.08,0.821,0.099,0.3794
479,2020-06-12,2061939,114758,145643,4989,TSLA,196.0,187.05599975585938,83817000.0,0.07200000000000001,0.821,0.107,0.8388
480,2020-06-13,2087273,115450,148855,5063,0,0.0,0.0,0.0,0.0,0.0,0.0,0.0
481,2020-06-14,2106403,115767,151452,5089,0,0.0,0.0,0.0,0.0,0.0,0.0,0.0
482,2020-06-15,2126520,116215,153560,5121,TSLA,183.55799865722656,198.17999267578125,78486000.0,0.0,1.0,0.0,0.0
483,2020-06-15,2126520,116215,153560,5121,TSLA,183.55799865722656,198.17999267578125,78486000.0,0.062,0.858,0.08,0.9743
484,2020-06-15,2126520,116215,153560,5121,TSLA,183.55799865722656,198.17999267578125,78486000.0,0.019,0.914,0.068,0.9001
485,2020-06-15,2126520,116215,153560,5121,TSLA,183.55799865722656,198.17999267578125,78486000.0,0.03,0.945,0.025,-0.127
486,2020-06-15,2126520,116215,153560,5121,TSLA,183.55799865722656,198.17999267578125,78486000.0,0.076,0.8490000000000001,0.075,-0.0258
487,2020-06-15,2126520,116215,153560,5121,TSLA,183.55799865722656,198.17999267578125,78486000.0,0.011000000000000001,0.775,0.214,0.9853
488,2020-06-16,2151403,116984,157015,5208,TSLA,202.3699951171875,196.42599487304688,70255500.0,0.06,0.877,0.063,0.7308
489,2020-06-16,2151403,116984,157015,5208,TSLA,202.3699951171875,196.42599487304688,70255500.0,0.018000000000000002,0.89,0.09300000000000001,0.882
490,2020-06-17,2177056,117745,161099,5290,TSLA,197.54200744628903,198.3580017089844,49454000.0,0.11199999999999999,0.8290000000000001,0.06,-0.9948
491,2020-06-17,2177056,117745,161099,5290,TSLA,197.54200744628903,198.3580017089844,49454000.0,0.09300000000000001,0.861,0.046,-0.9690000000000001
492,2020-06-17,2177056,117745,161099,5290,TSLA,197.54200744628903,198.3580017089844,49454000.0,0.015,0.893,0.092,0.8779
493,2020-06-17,2177056,117745,161099,5290,TSLA,197.54200744628903,198.3580017089844,49454000.0,0.021,0.888,0.091,0.9983
494,2020-06-18,2205115,118472,165416,5360,TSLA,200.6000061035156,200.79200744628903,48759500.0,0.006999999999999999,0.9590000000000001,0.034,0.6705
495,2020-06-18,2205115,118472,165416,5360,TSLA,200.6000061035156,200.79200744628903,48759500.0,0.0,0.878,0.122,0.9842
496,2020-06-18,2205115,118472,165416,5360,TSLA,200.6000061035156,200.79200744628903,48759500.0,0.027999999999999997,0.888,0.084,0.9858
497,2020-06-18,2205115,118472,165416,5360,TSLA,200.6000061035156,200.79200744628903,48759500.0,0.016,0.9129999999999999,0.071,0.9344
498,2020-06-19,2235950,119170,169309,5424,TSLA,202.55599975585938,200.17999267578125,43398500.0,0.054000000000000006,0.865,0.08,0.9044
499,2020-06-19,2235950,119170,169309,5424,TSLA,202.55599975585938,200.17999267578125,43398500.0,0.025,0.884,0.091,0.9815
500,2020-06-19,2235950,119170,169309,5424,TSLA,202.55599975585938,200.17999267578125,43398500.0,0.005,0.929,0.066,0.9520000000000001
501,2020-06-19,2235950,119170,169309,5424,TSLA,202.55599975585938,200.17999267578125,43398500.0,0.019,0.981,0.0,-0.29600000000000004
502,2020-06-20,2267975,119716,173824,5495,0,0.0,0.0,0.0,0.083,0.917,0.0,-0.3676
503,2020-06-21,2294354,119973,178054,5515,0,0.0,0.0,0.0,0.0,0.0,0.0,0.0
504,2020-06-22,2324819,120333,183073,5580,TSLA,199.9900054931641,198.86399841308602,31812000.0,0.062,0.862,0.076,0.2152
505,2020-06-22,2324819,120333,183073,5580,TSLA,199.9900054931641,198.86399841308602,31812000.0,0.013999999999999999,0.914,0.07200000000000001,0.9417
506,2020-06-22,2324819,120333,183073,5580,TSLA,199.9900054931641,198.86399841308602,31812000.0,0.015,0.893,0.092,0.8779
507,2020-06-22,2324819,120333,183073,5580,TSLA,199.9900054931641,198.86399841308602,31812000.0,0.019,0.941,0.039,0.6956
508,2020-06-23,2359878,121166,190222,5632,TSLA,199.7760009765625,200.3560028076172,31826500.0,0.027999999999999997,0.92,0.052000000000000005,0.6347
509,2020-06-23,2359878,121166,190222,5632,TSLA,199.7760009765625,200.3560028076172,31826500.0,0.025,0.9109999999999999,0.064,0.9473
510,2020-06-23,2359878,121166,190222,5632,TSLA,199.7760009765625,200.3560028076172,31826500.0,0.059000000000000004,0.875,0.066,0.7151
511,2020-06-23,2359878,121166,190222,5632,TSLA,199.7760009765625,200.3560028076172,31826500.0,0.085,0.8320000000000001,0.083,-0.1298
512,2020-06-23,2359878,121166,190222,5632,TSLA,199.7760009765625,200.3560028076172,31826500.0,0.008,0.953,0.038,0.7351
513,2020-06-24,2396858,121933,195571,5733,TSLA,198.82200622558602,192.1699981689453,54798000.0,0.16,0.795,0.045,-0.9874
514,2020-06-24,2396858,121933,195571,5733,TSLA,198.82200622558602,192.1699981689453,54798000.0,0.036000000000000004,0.8540000000000001,0.11,0.9958
515,2020-06-24,2396858,121933,195571,5733,TSLA,198.82200622558602,192.1699981689453,54798000.0,0.077,0.871,0.051,-0.8316
516,2020-06-24,2396858,121933,195571,5733,TSLA,198.82200622558602,192.1699981689453,54798000.0,0.033,0.875,0.092,0.802
517,2020-06-25,2438031,124399,200840,5812,TSLA,190.85400390625,197.1959991455078,46272500.0,0.0,0.985,0.015,0.4767
518,2020-06-25,2438031,124399,200840,5812,TSLA,190.85400390625,197.1959991455078,46272500.0,0.09300000000000001,0.875,0.033,-0.9643
519,2020-06-25,2438031,124399,200840,5812,TSLA,190.85400390625,197.1959991455078,46272500.0,0.036000000000000004,0.9229999999999999,0.040999999999999995,0.128
520,2020-06-25,2438031,124399,200840,5812,TSLA,190.85400390625,197.1959991455078,46272500.0,0.0,0.889,0.111,0.6249
521,2020-06-26,2483559,125032,207049,5872,TSLA,198.95599365234366,191.947998046875,44274500.0,0.043,0.8759999999999999,0.081,0.9438
522,2020-06-26,2483559,125032,207049,5872,TSLA,198.95599365234366,191.947998046875,44274500.0,0.106,0.868,0.026000000000000002,-0.9701
523,2020-06-26,2483559,125032,207049,5872,TSLA,198.95599365234366,191.947998046875,44274500.0,0.01,0.892,0.098,0.9283
524,2020-06-26,2483559,125032,207049,5872,TSLA,198.95599365234366,191.947998046875,44274500.0,0.07,0.88,0.05,-0.8225
525,2020-06-26,2483559,125032,207049,5872,TSLA,198.95599365234366,191.947998046875,44274500.0,0.037000000000000005,0.8590000000000001,0.10400000000000001,0.9940000000000001
526,2020-06-27,2525858,125543,212169,5905,0,0.0,0.0,0.0,0.0,0.0,0.0,0.0
527,2020-06-28,2565364,125814,219252,5936,0,0.0,0.0,0.0,0.053,0.907,0.04,-0.9516
528,2020-06-29,2604858,126161,228732,5980,TSLA,193.802001953125,201.8699951171875,45132000.0,0.017,0.915,0.068,0.9079999999999999
529,2020-06-30,2653243,127461,236139,6090,TSLA,201.3000030517578,215.9620056152344,84592500.0,0.015,0.893,0.092,0.8779
530,2020-06-30,2653243,127461,236139,6090,TSLA,201.3000030517578,215.9620056152344,84592500.0,0.015,0.893,0.092,0.8779
531,2020-06-30,2653243,127461,236139,6090,TSLA,201.3000030517578,215.9620056152344,84592500.0,0.052000000000000005,0.912,0.036000000000000004,-0.7506
532,2020-06-30,2653243,127461,236139,6090,TSLA,201.3000030517578,215.9620056152344,84592500.0,0.055,0.867,0.078,0.8876
533,2020-06-30,2653243,127461,236139,6090,TSLA,201.3000030517578,215.9620056152344,84592500.0,0.046,0.87,0.084,0.955
534,2020-07-01,2703218,128103,242547,6163,TSLA,216.6000061035156,223.92599487304688,66634500.0,0.0,0.0,0.0,0.0
535,2020-07-02,2758775,128826,248235,6263,TSLA,244.29600524902344,241.73199462890625,86250500.0,0.0,0.0,0.0,0.0
536,2020-07-03,2815928,129417,257388,6313,0,0.0,0.0,0.0,0.0,0.0,0.0,0.0
537,2020-07-04,2865933,129678,265985,6331,0,0.0,0.0,0.0,0.0,0.0,0.0,0.0
538,2020-07-05,2910696,129940,271684,6337,0,0.0,0.0,0.0,0.0,0.0,0.0,0.0
539,2020-07-06,2958011,130331,277774,6448,TSLA,255.33799743652344,274.31600952148443,102849500.0,0.0,0.0,0.0,0.0
540,2020-07-07,3012084,131289,289468,6562,TSLA,281.00201416015625,277.97198486328125,107448500.0,0.0,0.0,0.0,0.0
541,2020-07-08,3071536,132237,296499,6711,TSLA,281.0,273.17599487304693,81556500.0,0.0,0.0,0.0,0.0
542,2020-07-09,3131422,133078,304297,6851,TSLA,279.39801025390625,278.85598754882807,58588000.0,0.0,0.0,0.0,0.0
543,2020-07-10,3199646,133906,312344,6945,TSLA,279.20001220703125,308.92999267578125,116688000.0,0.0,0.0,0.0,0.0
544,2020-07-11,3260362,134581,320804,7017,0,0.0,0.0,0.0,0.0,0.0,0.0,0.0
545,2020-07-12,3318167,134976,329162,7040,0,0.0,0.0,0.0,0.0,0.0,0.0,0.0
546,2020-07-13,3379734,135401,336508,7087,TSLA,331.79998779296875,299.4119873046875,194927000.0,0.0,0.0,0.0,0.0
547,2020-07-14,3445331,136355,347634,7227,TSLA,311.20001220703125,303.3599853515625,117090500.0,0.0,0.0,0.0,0.0
548,2020-07-15,3513667,137326,356178,7345,TSLA,308.6000061035156,309.2019958496094,81839000.0,0.0,0.0,0.0,0.0
549,2020-07-16,3589349,138284,366164,7475,TSLA,295.4320068359375,300.12799072265625,71504000.0,0.0,0.0,0.0,0.0
550,2020-07-17,3660271,139185,375363,7595,TSLA,302.69000244140625,300.1679992675781,46650000.0,0.0,0.0,0.0,0.0
551,2020-07-18,3722719,139960,384692,7685,0,0.0,0.0,0.0,0.0,0.0,0.0,0.0
552,2020-07-19,3784994,140372,391538,7694,0,0.0,0.0,0.0,0.0,0.0,0.0,0.0
553,2020-07-20,3844882,140903,400769,7755,TSLA,303.802001953125,328.6000061035156,85607000.0,0.0,0.0,0.0,0.0
554,2020-07-21,3910148,142030,413576,7870,TSLA,327.9859924316406,313.6719970703125,80786500.0,0.0,0.0,0.0,0.0
555,2020-07-22,3979885,143166,425616,8027,TSLA,319.79998779296875,318.46600341796875,70805500.0,0.0,0.0,0.0,0.0
556,2020-07-23,4049889,144282,435334,8186,TSLA,335.7900085449219,302.614013671875,121642500.0,0.0,0.0,0.0,0.0
557,2020-07-24,4123412,145428,445400,8337,TSLA,283.2019958496094,283.3999938964844,96983000.0,0.0,0.0,0.0,0.0
558,2020-07-25,4190188,146311,453659,8416,0,0.0,0.0,0.0,0.0,0.0,0.0,0.0
559,2020-07-26,4244405,146751,460550,8445,0,0.0,0.0,0.0,0.0,0.0,0.0,0.0
560,2020-07-27,4303586,148447,466550,8518,TSLA,287.0,307.9200134277344,80243500.0,0.0,0.0,0.0,0.0
561,2020-07-28,4366696,149774,475305,8715,TSLA,300.79998779296875,295.2980041503906,79043500.0,0.0,0.0,0.0,0.0
562,2020-07-29,4433311,151169,485502,8909,TSLA,300.20001220703125,299.8219909667969,47134500.0,0.0,0.0,0.0,0.0
563,2020-07-30,4502422,152430,493588,9005,TSLA,297.6000061035156,297.49798583984375,38105000.0,0.0,0.0,0.0,0.0
564,2020-07-31,4571510,153859,500130,9224,TSLA,303.0,286.1520080566406,61235000.0,0.0,0.0,0.0,0.0
565,2020-08-01,4628329,154914,509162,9356,0,0.0,0.0,0.0,0.0,0.0,0.0,0.0
566,2020-08-02,4679122,155334,514901,9388,0,0.0,0.0,0.0,0.0,0.0,0.0,0.0
567,2020-08-03,4726604,155942,519427,9501,TSLA,289.8399963378906,297.0,44046500.0,0.0,0.0,0.0,0.0
568,2020-08-04,4780151,157298,524722,9703,TSLA,299.00201416015625,297.3999938964844,42075000.0,0.0,0.0,0.0,0.0
569,2020-08-05,4833868,158550,529980,9869,TSLA,298.5979919433594,297.0039978027344,24890000.0,0.0,0.0,0.0,0.0
570,2020-08-06,4891561,159625,538416,10011,TSLA,298.1659851074219,297.9159851074219,29961500.0,0.0,0.0,0.0,0.0
571,2020-08-07,4952718,160981,545787,10189,TSLA,299.9079895019531,290.5419921875,44482000.0,0.0,0.0,0.0,0.0
572,2020-08-08,5007958,161947,554160,10293,0,0.0,0.0,0.0,0.0,0.0,0.0,0.0
573,2020-08-09,5056438,162486,561911,10359,0,0.0,0.0,0.0,0.0,0.0,0.0,0.0
574,2020-08-10,5103611,163023,574411,10468,TSLA,289.6000061035156,283.7139892578125,37611500.0,0.0,0.0,0.0,0.0
575,2020-08-11,5156968,164474,586056,10648,TSLA,279.20001220703125,274.87799072265625,43129000.0,0.0,0.0,0.0,0.0
576,2020-08-12,5211246,165952,593141,10808,TSLA,294.0,310.9519958496094,109494000.0,0.0,0.0,0.0,0.0
577,2020-08-13,5265307,167165,601075,10996,TSLA,322.20001220703125,324.20001220703125,102126500.0,0.0,0.0,0.0,0.0
578,2020-08-14,5324784,168341,613689,11147,TSLA,332.99798583984375,330.1419982910156,62888000.0,0.0,0.0,0.0,0.0
579,2020-08-15,5375527,169400,621562,11224,0,0.0,0.0,0.0,0.0,0.0,0.0,0.0
580,2020-08-16,5417664,169914,628031,11242,0,0.0,0.0,0.0,0.0,0.0,0.0,0.0
581,2020-08-17,5455187,170449,632667,11342,TSLA,335.3999938964844,367.12799072265625,101211500.0,0.0,0.0,0.0,0.0
582,2020-08-18,5498420,171798,638831,11523,TSLA,379.7980041503906,377.4179992675781,82372500.0,0.0,0.0,0.0,0.0
583,2020-08-19,5541433,173093,644751,11686,TSLA,373.0,375.70599365234375,61026500.0,0.0,0.0,0.0,0.0
584,2020-08-20,5587462,174136,650336,11821,TSLA,372.135986328125,400.3659973144531,103059000.0,0.0,0.0,0.0,0.0
585,2020-08-21,5636491,175297,656892,11988,TSLA,408.9519958496094,409.9960021972656,107448000.0,0.0,0.0,0.0,0.0
586,2020-08-22,5681517,176247,663669,12134,0,0.0,0.0,0.0,0.0,0.0,0.0,0.0
587,2020-08-23,5713850,176693,668615,12152,0,0.0,0.0,0.0,0.0,0.0,0.0,0.0
588,2020-08-24,5754254,177197,673095,12257,TSLA,425.2560119628906,402.8399963378906,100318000.0,0.0,0.0,0.0,0.0
589,2020-08-25,5793437,178410,679099,12407,TSLA,394.9779968261719,404.6679992675781,53294500.0,0.0,0.0,0.0,0.0
590,2020-08-26,5838756,179603,683529,12550,TSLA,412.0,430.6340026855469,71197000.0,0.0,0.0,0.0,0.0
591,2020-08-27,5884366,180729,688858,12690,TSLA,436.0920104980469,447.75,118465000.0,0.0,0.0,0.0,0.0
592,2020-08-28,5930930,181739,693839,12834,TSLA,459.0239868164063,442.67999267578125,100406000.0,0.0,0.0,0.0,0.0
593,2020-08-29,5975540,182610,699909,12905,0,0.0,0.0,0.0,0.0,0.0,0.0,0.0
594,2020-08-30,6008970,182984,704085,12933,0,0.0,0.0,0.0,0.0,0.0,0.0,0.0
595,2020-08-31,6045455,183472,707797,13018,TSLA,444.6099853515625,498.3200073242188,118374400.0,0.0,0.0,0.0,0.0
596,2020-09-01,6089504,184563,712052,13163,TSLA,502.1400146484375,475.0499877929688,90119400.0,0.0,0.0,0.0,0.0
597,2020-09-02,6121948,185639,717177,13327,TSLA,478.989990234375,447.3699951171875,96176100.0,0.0,0.0,0.0,0.0
598,2020-09-03,6168342,186717,722283,13490,TSLA,407.2300109863281,407.0,87596100.0,0.0,0.0,0.0,0.0
599,2020-09-04,6220446,187697,727239,13643,TSLA,402.80999755859375,418.3200073242188,110321900.0,0.0,0.0,0.0,0.0
600,2020-09-05,6262700,188409,732144,13709,0,0.0,0.0,0.0,0.0,0.0,0.0,0.0
601,2020-09-06,6292699,188820,735235,13726,0,0.0,0.0,0.0,0.0,0.0,0.0,0.0
602,2020-09-07,6317865,189083,737911,13758,0,0.0,0.0,0.0,0.0,0.0,0.0,0.0
603,2020-09-08,6346806,189541,739527,13841,TSLA,356.0,330.2099914550781,115465700.0,0.0,0.0,0.0,0.0
604,2020-09-09,6380138,190716,742865,13978,TSLA,356.6000061035156,366.2799987792969,79465800.0,0.0,0.0,0.0,0.0
605,2020-09-10,6418198,191631,746191,14089,TSLA,386.2099914550781,371.3399963378906,84930600.0,0.0,0.0,0.0,0.0
606,2020-09-11,6465766,192858,750298,14251,TSLA,381.9400024414063,372.7200012207031,60717500.0,0.0,0.0,0.0,0.0
607,2020-09-12,6504870,193559,754923,14329,0,0.0,0.0,0.0,0.0,0.0,0.0,0.0
608,2020-09-13,6538213,193958,757778,14385,0,0.0,0.0,0.0,0.0,0.0,0.0,0.0
609,2020-09-14,6575100,194408,760013,14451,TSLA,380.95001220703125,419.6199951171875,83020600.0,0.0,0.0,0.0,0.0
610,2020-09-15,6614317,195689,762963,14615,TSLA,436.55999755859375,449.760009765625,97298200.0,0.0,0.0,0.0,0.0
611,2020-09-16,6653585,196686,766201,14721,TSLA,439.8699951171875,441.760009765625,72279300.0,0.0,0.0,0.0,0.0
612,2020-09-17,6698895,197535,769831,14812,TSLA,415.6000061035156,423.42999267578125,76779200.0,0.0,0.0,0.0,0.0
613,2020-09-18,6747782,198484,774135,14912,TSLA,447.9400024414063,442.1499938964844,86406800.0,0.0,0.0,0.0,0.0
614,2020-09-19,6789593,199154,778400,14987,0,0.0,0.0,0.0,0.0,0.0,0.0,0.0
615,2020-09-20,6825949,199367,781694,15018,0,0.0,0.0,0.0,0.0,0.0,0.0,0.0
616,2020-09-21,6880899,199797,784324,15071,TSLA,453.1300048828125,449.3900146484375,109476800.0,0.0,0.0,0.0,0.0
617,2020-09-22,6918290,200738,787470,15204,TSLA,429.6000061035156,424.2300109863281,79580800.0,0.0,0.0,0.0,0.0
618,2020-09-23,6959841,201828,790640,15314,TSLA,405.1600036621094,380.3599853515625,95074200.0,0.0,0.0,0.0,0.0
619,2020-09-24,7005043,202713,794040,15398,TSLA,363.7999877929688,387.7900085449219,96561100.0,0.0,0.0,0.0,0.0
620,2020-09-25,7059611,203566,798237,15532,TSLA,393.4700012207031,407.3399963378906,67208500.0,0.0,0.0,0.0,0.0
621,2020-09-26,7102308,204335,802308,15587,0,0.0,0.0,0.0,0.0,0.0,0.0,0.0
622,2020-09-27,7139606,204602,805263,15608,0,0.0,0.0,0.0,0.0,0.0,0.0,0.0
623,2020-09-28,7176970,204952,807425,15640,TSLA,424.6199951171875,421.20001220703125,49719600.0,0.0,0.0,0.0,0.0
624,2020-09-29,7220667,205878,810625,15792,TSLA,416.0,419.0700073242188,50219300.0,0.0,0.0,0.0,0.0
625,2020-09-30,7262695,206852,813687,15888,TSLA,421.3200073242188,429.010009765625,48145600.0,0.0,0.0,0.0,0.0
626,2020-10-01,7309113,207699,817277,15986,TSLA,440.760009765625,448.1600036621094,50741500.0,0.0,0.0,0.0,0.0
627,2020-10-02,7362517,208564,819436,16074,TSLA,421.3900146484375,415.0899963378906,71430000.0,0.0,0.0,0.0,0.0
628,2020-10-03,7410296,209273,823729,16120,0,0.0,0.0,0.0,0.0,0.0,0.0,0.0
629,2020-10-04,7445343,209606,826784,16149,0,0.0,0.0,0.0,0.0,0.0,0.0,0.0
630,2020-10-05,7487035,210035,828461,16177,TSLA,423.3500061035156,425.67999267578125,44722800.0,0.0,0.0,0.0,0.0
631,2020-10-06,7529899,210756,831225,16262,TSLA,423.7900085449219,413.9800109863281,49146300.0,0.0,0.0,0.0,0.0
632,2020-10-07,7582877,211750,834800,16361,TSLA,419.8699951171875,425.2999877929688,43127700.0,0.0,0.0,0.0,0.0
633,2020-10-08,7639252,212678,838606,16428,TSLA,438.4400024414063,425.9200134277344,40421100.0,0.0,0.0,0.0,0.0
634,2020-10-09,7698203,213593,842776,16500,TSLA,430.1300048828125,434.0,28925700.0,0.0,0.0,0.0,0.0
635,2020-10-10,7749789,214185,846579,16564,0,0.0,0.0,0.0,0.0,0.0,0.0,0.0
636,2020-10-11,7794555,214604,850028,16572,0,0.0,0.0,0.0,0.0,0.0,0.0,0.0
637,2020-10-12,7840482,214955,852406,16581,TSLA,442.0,442.2999877929688,38791100.0,0.0,0.0,0.0,0.0
638,2020-10-13,7894994,215781,855072,16639,TSLA,443.3500061035156,446.6499938964844,34463700.0,0.0,0.0,0.0,0.0
